id,first_name,last_name
1,Vikram,Dubey
2,Devraj,Sharma
3,Mala,Bajpai
4,Devraj,Srivastava
5,Rakesh,Desai
6,Ravi,Venkat
7,Akash,Chandra
8,Jaya,Issar
9,Shivam,Jindal
10,Sunita,Agarwal
11,Ramesh,Jain
12,Geeta,Patil
13,Ravi,Bhatt
14,Manish,Natarajan
15,Sushma,Garg
16,Chetan,Ghosh
17,Nalini,Venkat
18,Falak,Nair
19,Rashid,Bahl
20,Pradeep,Kadam
21,Ananya,Gupta
22,Varun,Bajpai
23,Rahul,Kadam
24,Hitesh,Chavan
25,Chitra,Banerjee
26,Hema,Reddy
27,Esha,Bahl
28,Sanjay,Patel
29,Hema,Sen
30,Isha,Mishra
31,Suresh,Walia
32,Xavier,Modi
33,Pooja,Shukla
34,Shweta,Krishnan
35,Hemant,Patel
36,Gopal,Jadhav
37,Priya,Bose
38,Qasim,Qureshi
39,Devraj,Singh
40,Prashant,Sinha
41,Elan,Rastogi
42,Pavan,Parikh
43,Shweta,Joshi
44,Akash,Murthy
45,Zara,Pahwa
46,Umar,Dubey
47,Abhi,Trivedi
48,Falak,Chandra
49,Geeta,Krishnan
50,Kiran,Goyal
51,Aryan,Kulkarni
52,Gayatri,Pandey
53,Vidya,Pawar
54,Santosh,Natarajan
55,Dhruv,Dhawan
56,Sneha,Bose
57,Ramesh,Shinde
58,Farhan,Chatterjee
59,Deepa,Grover
60,Deepak,Pahwa
61,Pradeep,Rastogi
62,Nalini,Walia
63,Abhi,Nagpal
64,Prashant,Sharma
65,Kavya,Madan
66,Elan,Menon
67,Varun,Pillai
68,Shweta,Swamy
69,Yash,Juneja
70,Bharat,Oberoi
71,Kavya,Dalal
72,Mala,Shah
73,Hemant,Murthy
74,Mala,Singh
75,Hitesh,Sen
76,Anand,Pandey
77,Prakash,Banerjee
78,Akash,Joshi
79,Shivam,Mukherjee
80,Dinesh,Shukla
81,Deepak,Rao
82,Disha,Walia
83,Anushka,Iyer
84,Jaya,Dixit
85,Dhruv,Menon
86,Bharat,Tandon
87,Mahesh,Saxena
88,Farhan,Kapoor
89,Santosh,Verma
90,Prashant,Rajan
91,Anjali,Thakkar
92,Varun,Walia
93,Esha,Oberoi
94,Esha,Chowdhury
95,Anjali,Kapoor
96,Suresh,Kumar
97,Ananya,Desai
98,Amit,Chowdhury
99,Divya,Kapoor
100,Manish,Kadam
101,Aarti,Dixit
102,Ananya,Khanna
103,Dinesh,Tiwari
104,Jaya,Chatterjee
105,Ravi,Hora
106,Elan,Shah
107,Devraj,Venkat
108,Wasim,Mukherjee
109,Jagdish,Dalal
110,Hema,Deshpande
111,Manish,Khanna
112,Tariq,Nair
113,Mala,Garg
114,Vimal,Bhatia
115,Pavan,Khurana
116,Gayatri,Reddy
117,Girish,Kulkarni
118,Tanvi,Dhawan
119,Aarti,Chandra
120,Salim,Verma
121,Lakshmi,Pawar
122,Tariq,Rastogi
123,Gayatri,Krishnan
124,Kiran,Jain
125,Isha,Srivastava
126,Anand,Banerjee
127,Indira,Jindal
128,Lakshmi,Chopra
129,Aarti,Sharma
130,Gopal,Natarajan
131,Vanita,Sharma
132,Salim,Pandey
133,Aryan,Murthy
134,Gayatri,Hora
135,Bharat,Mittal
136,Sneha,Dwivedi
137,Anand,Malhotra
138,Santosh,Khurana
139,Kiran,Malhotra
140,Kavya,Murthy
141,Vikram,Menon
142,Sanjay,Venkat
143,Riya,Pandey
144,Tariq,Mukherjee
145,Aarav,Mukherjee
146,Mahesh,Desai
147,Falak,Nagpal
148,Sunita,Pillai
149,Dinesh,Sethi
150,Krishnan,Deshpande
151,Sanjay,Patel
152,Elan,Dixit
153,Kiran,Sharma
154,Nandini,Natarajan
155,Qasim,Sharma
156,Tanvi,Naidu
157,Wasim,Subramaniam
158,Salim,Chopra
159,Aarav,Swamy
160,Nikhil,Trivedi
161,Ananya,Mittal
162,Sunita,Das
163,Amit,Srinivasan
164,Omkar,Shinde
165,Kamala,Chadha
166,Varun,Walia
167,Chetan,Srinivasan
168,Chitra,Malhotra
169,Wasim,Shinde
170,Sachin,Thakkar
171,Isha,Tripathi
172,Kavya,Yadav
173,Nikhil,Rastogi
174,Ramesh,Rao
175,Kamala,Saxena
176,Girish,Vohra
177,Tariq,Srivastava
178,Divya,Bahl
179,Anand,Bhatia
180,Shweta,Chopra
181,Chitra,Anand
182,Radha,Mishra
183,Vinita,Dalal
184,Chitra,Pahwa
185,Umar,Anand
186,Pooja,Natarajan
187,Rajesh,Agarwal
188,Sanjay,Upadhyay
189,Umar,Sen
190,Kamala,Issar
191,Umar,Mittal
192,Radha,Mehta
193,Abhi,Subramaniam
194,Dinesh,Mittal
195,Hemant,Iyer
196,Indira,Shah
197,Mahesh,Mishra
198,Mohan,Subramaniam
199,Nilesh,Singh
200,Vidya,Lamba
201,Radha,Rastogi
202,Deepak,Krishnan
203,Sushma,Sinha
204,Gaurav,Qureshi
205,Wasim,Chandra
206,Hema,Subramaniam
207,Vinita,Srivastava
208,Sachin,Bose
209,Nilesh,Shinde
210,Dinesh,Kapoor
211,Sachin,Jadhav
212,Hitesh,Kadam
213,Sushma,Patel
214,Falak,Chavan
215,Santosh,Ghosh
216,Mohan,Sen
217,Xavier,Reddy
218,Aisha,Bhosale
219,Elan,Tiwari
220,Nandini,Parikh
221,Rashid,Bhatia
222,Mohan,Murthy
223,Esha,Vohra
224,Hitesh,Rastogi
225,Pradeep,Issar
226,Vanita,Lamba
227,Qasim,Singh
228,Sneha,Subramaniam
229,Rashid,Kulkarni
230,Meera,Patel
231,Devraj,Dalal
232,Shweta,Shinde
233,Harish,Rastogi
234,Anjali,Grover
235,Mohan,Rastogi
236,Tariq,Malhotra
237,Tanvi,Shah
238,Qasim,Hora
239,Qasim,Iyer
240,Lata,Natarajan
241,Santosh,Sethi
242,Kavya,Sharma
243,Aditya,Kadam
244,Jagdish,Chowdhury
245,Chitra,Vohra
246,Sanjay,Thakkar
247,Nandini,Shah
248,Usha,Malhotra
249,Qasim,Anand
250,Wasim,Bahl
251,Rakesh,Issar
252,Mahesh,Banerjee
253,Shweta,Srivastava
254,Rahul,Pawar
255,Omkar,Nagpal
256,Pavan,Parikh
257,Anand,Pandey
258,Rakesh,Mehta
259,Naveen,Garg
260,Vanita,Menon
261,Akash,Venkat
262,Mahesh,Vohra
263,Umar,Pandey
264,Gopal,Srivastava
265,Divya,Venkat
266,Anushka,Parikh
267,Elan,Anand
268,Vikram,Deshpande
269,Dinesh,Mukherjee
270,Sanjay,Srivastava
271,Zara,Iyer
272,Falak,Dalal
273,Farhan,Vohra
274,Sanjay,Sen
275,Yash,Khurana
276,Kiran,Issar
277,Rahul,Dixit
278,Bharat,Subramaniam
279,Tariq,Roy
280,Xavier,Trivedi
281,Lata,Rastogi
282,Kamala,Hora
283,Sneha,Shukla
284,Shweta,Upadhyay
285,Ramesh,Sen
286,Bharat,Juneja
287,Rohit,Balaji
288,Jaya,Pillai
289,Farhan,Dalal
290,Pradeep,Qureshi
291,Rakesh,Iyer
292,Deepa,Garg
293,Elan,Juneja
294,Mahesh,Vohra
295,Xavier,Trivedi
296,Dinesh,Mishra
297,Bhavna,Krishnan
298,Jaya,Anand
299,Vanita,Khurana
300,Qasim,Goyal
301,Anushka,Shinde
302,Sunita,Khanna
303,Deepak,Dwivedi
304,Pavan,Trivedi
305,Rashid,Tiwari
306,Ravi,Agarwal
307,Farhan,Anand
308,Omkar,Kulkarni
309,Aditya,Malhotra
310,Hitesh,Sethi
311,Riya,Banerjee
312,Kiran,Khurana
313,Hema,Chadha
314,Nandini,Lamba
315,Tariq,Madan
316,Akash,Desai
317,Sneha,Kadam
318,Hitesh,Rajan
319,Kiran,Dalal
320,Mahesh,Srinivasan
321,Nikhil,Deshpande
322,Sunita,Bhosale
323,Geeta,Menon
324,Sachin,Pahwa
325,Kamala,Dhawan
326,Bharat,Madan
327,Nalini,Reddy
328,Nandini,Shah
329,Priya,Juneja
330,Pavan,Murthy
331,Disha,Sharma
332,Chetan,Upadhyay
333,Bharat,Dubey
334,Mohan,Sharma
335,Abhi,Upadhyay
336,Wasim,Parikh
337,Aarav,Dixit
338,Harish,Deshpande
339,Meera,Sethi
340,Manish,Desai
341,Yash,Shah
342,Aarti,Pahwa
343,Ravi,Kumar
344,Ravi,Walia
345,Lakshmi,Banerjee
346,Usha,Yadav
347,Sunita,Dixit
348,Tanvi,Bahl
349,Wasim,Jindal
350,Meera,Reddy
351,Hemant,Kapoor
352,Nikhil,Das
353,Disha,Rao
354,Varun,Roy
355,Sanjay,Bahl
356,Prashant,Pandey
357,Prakash,Mehta
358,Aryan,Grover
359,Qasim,Qureshi
360,Aryan,Malhotra
361,Esha,Anand
362,Sneha,Mehta
363,Lata,Pillai
364,Omkar,Agarwal
365,Suresh,Chadha
366,Meera,Jadhav
367,Deepa,Agarwal
368,Deepa,Kapoor
369,Umar,Chandra
370,Nilesh,Jain
371,Falak,Bajpai
372,Esha,Naidu
373,Usha,Gupta
374,Pranav,Pillai
375,Lakshmi,Grover
376,Naveen,Jain
377,Krishnan,Upadhyay
378,Mala,Nambiar
379,Suresh,Lamba
380,Kavya,Rastogi
381,Rashid,Kumar
382,Ananya,Rajan
383,Sneha,Thakkar
384,Omkar,Deshpande
385,Prakash,Joshi
386,Sachin,Kapoor
387,Vinita,Nair
388,Abhi,Bhatt
389,Devraj,Rastogi
390,Nandini,Modi
391,Shivam,Garg
392,Farhan,Modi
393,Prashant,Iyer
394,Priya,Shukla
395,Ravi,Ghosh
396,Anand,Desai
397,Gopal,Bahl
398,Wasim,Natarajan
399,Pooja,Chavan
400,Ravi,Bhosale
401,Jaya,Pawar
402,Aarti,Bajpai
403,Santosh,Grover
404,Xavier,Rastogi
405,Harish,Lamba
406,Ananya,Natarajan
407,Anand,Jain
408,Geeta,Parekh
409,Prakash,Verma
410,Jagdish,Kapoor
411,Gayatri,Venkat
412,Esha,Verma
413,Aarav,Dhawan
414,Ravi,Upadhyay
415,Dhruv,Pillai
416,Ravi,Nair
417,Gopal,Modi
418,Mahesh,Chadha
419,Rajesh,Deshpande
420,Aisha,Verma
421,Sneha,Iyer
422,Jagdish,Chowdhury
423,Disha,Saxena
424,Sushma,Bajpai
425,Gopal,Nagpal
426,Devraj,Joshi
427,Shivam,Rao
428,Vikram,Madan
429,Sachin,Subramaniam
430,Hema,Khanna
431,Pradeep,Chavan
432,Pooja,Upadhyay
433,Rohit,Swamy
434,Varun,Chopra
435,Kamala,Shukla
436,Sunita,Chopra
437,Ravi,Sharma
438,Akash,Iyer
439,Sushma,Shinde
440,Esha,Saxena
441,Aisha,Verma
442,Wasim,Singh
443,Divya,Chopra
444,Krishnan,Bahl
445,Aditya,Issar
446,Qasim,Menon
447,Naveen,Rajan
448,Indira,Deshpande
449,Tariq,Madan
450,Aarti,Mehta
451,Anand,Subramaniam
452,Harish,Jindal
453,Aarti,Srinivasan
454,Umar,Das
455,Shivam,Sen
456,Nilesh,Patel
457,Abhi,Mittal
458,Isha,Shinde
459,Pavan,Agarwal
460,Mala,Kapoor
461,Jaya,Khanna
462,Kiran,Thakkar
463,Sneha,Khurana
464,Prakash,Banerjee
465,Xavier,Chopra
466,Suresh,Kumar
467,Isha,Madan
468,Hitesh,Jindal
469,Shivam,Sinha
470,Krishnan,Patil
471,Ananya,Nagpal
472,Dhruv,Patil
473,Vinita,Grover
474,Priya,Jain
475,Vidya,Zutshi
476,Salim,Issar
477,Rakesh,Issar
478,Geeta,Rajan
479,Elan,Nambiar
480,Bharat,Venkat
481,Salim,Pahwa
482,Pavan,Verma
483,Ramesh,Iyer
484,Sanjay,Venkat
485,Shivam,Iyer
486,Rahul,Menon
487,Aisha,Garg
488,Lakshmi,Bhatia
489,Ramesh,Mittal
490,Gopal,Hora
491,Nalini,Balaji
492,Geeta,Parikh
493,Nalini,Jain
494,Arjun,Zutshi
495,Vanita,Ghosh
496,Akash,Vohra
497,Meera,Jadhav
498,Hitesh,Upadhyay
499,Sushma,Kadam
500,Shivam,Khurana
501,Xavier,Issar
502,Sachin,Shukla
503,Anand,Krishnan
504,Harish,Upadhyay
505,Nilesh,Natarajan
506,Naveen,Parekh
507,Girish,Tandon
508,Mahesh,Thakkar
509,Kavya,Modi
510,Umar,Chopra
511,Usha,Pahwa
512,Dinesh,Yadav
513,Vikram,Shukla
514,Kiran,Patil
515,Jagdish,Shukla
516,Bharat,Anand
517,Deepak,Sinha
518,Yash,Kumar
519,Rakesh,Mittal
520,Pradeep,Saxena
521,Prashant,Lamba
522,Aryan,Mane
523,Nikhil,Bajpai
524,Hema,Sen
525,Shweta,Joshi
526,Santosh,Banerjee
527,Sushma,Rastogi
528,Vimal,Juneja
529,Lata,Anand
530,Sushma,Mishra
531,Vikram,Kadam
532,Naveen,Tandon
533,Chitra,Rajan
534,Salim,Sen
535,Harish,Yadav
536,Shivam,Ghosh
537,Shivam,Goyal
538,Isha,Mehta
539,Deepa,Dalal
540,Rohit,Nambiar
541,Vidya,Malhotra
542,Rakesh,Nagpal
543,Nalini,Chowdhury
544,Mala,Nambiar
545,Vimal,Reddy
546,Prashant,Sen
547,Riya,Issar
548,Farhan,Goyal
549,Farhan,Naidu
550,Nalini,Saxena
551,Dinesh,Jain
552,Rajesh,Issar
553,Naveen,Reddy
554,Nilesh,Modi
555,Anand,Shah
556,Anand,Sen
557,Dhruv,Hora
558,Anjali,Mukherjee
559,Disha,Kumar
560,Dhruv,Dalal
561,Ramesh,Goyal
562,Anand,Verma
563,Amit,Srinivasan
564,Hitesh,Joshi
565,Pranav,Verma
566,Akash,Dixit
567,Vidya,Kulkarni
568,Gaurav,Shinde
569,Jagdish,Jain
570,Gayatri,Srivastava
571,Falak,Saxena
572,Bhavna,Mane
573,Meera,Shah
574,Aditya,Desai
575,Qasim,Natarajan
576,Anjali,Verma
577,Disha,Chavan
578,Jaya,Ghosh
579,Geeta,Dalal
580,Usha,Pahwa
581,Radha,Nambiar
582,Pradeep,Ghosh
583,Krishnan,Juneja
584,Aisha,Garg
585,Meera,Mishra
586,Sushma,Rao
587,Suresh,Dalal
588,Rajesh,Tandon
589,Yash,Tandon
590,Disha,Tiwari
591,Isha,Nagpal
592,Prakash,Jindal
593,Bharat,Chowdhury
594,Rajesh,Goyal
595,Aditya,Verma
596,Isha,Rao
597,Arjun,Roy
598,Lakshmi,Walia
599,Rakesh,Agarwal
600,Prashant,Walia
601,Santosh,Swamy
602,Umar,Chatterjee
603,Disha,Nambiar
604,Mohan,Nambiar
605,Yash,Bahl
606,Bharat,Reddy
607,Suresh,Venkat
608,Suresh,Chadha
609,Divya,Natarajan
610,Ananya,Srinivasan
611,Meera,Singh
612,Ananya,Dhawan
613,Chetan,Bhosale
614,Shweta,Dubey
615,Amit,Upadhyay
616,Chetan,Shah
617,Kavya,Nagpal
618,Falak,Pawar
619,Vinita,Khurana
620,Sneha,Patel
621,Ananya,Pillai
622,Neha,Vohra
623,Pranav,Tripathi
624,Aarav,Rajan
625,Sunita,Naidu
626,Falak,Roy
627,Chetan,Grover
628,Tariq,Pandey
629,Disha,Pandey
630,Mohan,Shah
631,Mohan,Roy
632,Yash,Chavan
633,Yash,Shukla
634,Chetan,Walia
635,Pavan,Kumar
636,Sachin,Venkat
637,Tariq,Srivastava
638,Gayatri,Mane
639,Sneha,Naidu
640,Rahul,Roy
641,Aarti,Srivastava
642,Sneha,Rastogi
643,Vanita,Bahl
644,Bhavna,Mehta
645,Suresh,Jain
646,Sneha,Rao
647,Deepak,Sethi
648,Naveen,Mukherjee
649,Aryan,Nair
650,Tariq,Jindal
651,Farhan,Malhotra
652,Naveen,Madan
653,Elan,Dhawan
654,Salim,Dwivedi
655,Rakesh,Nagpal
656,Devraj,Dhawan
657,Prakash,Bahl
658,Falak,Kadam
659,Girish,Kumar
660,Girish,Zutshi
661,Qasim,Chavan
662,Qasim,Saxena
663,Gopal,Bajpai
664,Hitesh,Rajan
665,Meera,Deshpande
666,Mala,Shinde
667,Ravi,Khurana
668,Sachin,Agarwal
669,Girish,Roy
670,Rohit,Dhawan
671,Sneha,Singh
672,Chetan,Dubey
673,Esha,Agarwal
674,Xavier,Chavan
675,Pooja,Pawar
676,Aarti,Dhawan
677,Indira,Chandra
678,Ramesh,Mehta
679,Vinita,Roy
680,Farhan,Iyer
681,Qasim,Srinivasan
682,Sanjay,Tiwari
683,Krishnan,Deshpande
684,Divya,Trivedi
685,Sanjay,Tandon
686,Omkar,Mehta
687,Aryan,Vohra
688,Bhavna,Iyer
689,Vanita,Balaji
690,Kamala,Nagpal
691,Pooja,Pahwa
692,Omkar,Chatterjee
693,Varun,Dalal
694,Rohit,Naidu
695,Abhi,Pawar
696,Rohit,Shukla
697,Devraj,Patel
698,Anushka,Joshi
699,Amit,Sinha
700,Wasim,Goyal
701,Nilesh,Subramaniam
702,Wasim,Jain
703,Harish,Bahl
704,Isha,Dwivedi
705,Radha,Tiwari
706,Aditya,Pandey
707,Rashid,Hora
708,Wasim,Goyal
709,Krishnan,Pahwa
710,Lata,Mukherjee
711,Kavya,Walia
712,Neha,Upadhyay
713,Aarav,Kapoor
714,Anushka,Dubey
715,Shivam,Shukla
716,Ananya,Chavan
717,Jaya,Chadha
718,Sunita,Qureshi
719,Shivam,Garg
720,Hitesh,Jain
721,Nilesh,Madan
722,Falak,Grover
723,Rajesh,Parekh
724,Hemant,Patil
725,Rahul,Srivastava
726,Santosh,Kapoor
727,Deepak,Parikh
728,Jagdish,Oberoi
729,Sushma,Chowdhury
730,Zara,Naidu
731,Gopal,Tiwari
732,Sanjay,Modi
733,Mohan,Tripathi
734,Gaurav,Grover
735,Aryan,Kumar
736,Omkar,Banerjee
737,Suresh,Khanna
738,Falak,Deshpande
739,Vidya,Iyer
740,Rajesh,Sinha
741,Vanita,Iyer
742,Bharat,Mukherjee
743,Amit,Dalal
744,Nilesh,Saxena
745,Abhi,Shah
746,Hemant,Jain
747,Qasim,Mittal
748,Gaurav,Srivastava
749,Gopal,Srinivasan
750,Umar,Kapoor
751,Vanita,Subramaniam
752,Arjun,Thakkar
753,Nalini,Tiwari
754,Harish,Deshpande
755,Aisha,Srinivasan
756,Girish,Banerjee
757,Vanita,Das
758,Sunita,Natarajan
759,Kamala,Das
760,Yash,Zutshi
761,Jaya,Tiwari
762,Anand,Modi
763,Prashant,Dubey
764,Mala,Menon
765,Sneha,Walia
766,Lakshmi,Chandra
767,Xavier,Khurana
768,Hema,Rastogi
769,Hemant,Dubey
770,Nalini,Venkat
771,Farhan,Parikh
772,Nikhil,Grover
773,Hemant,Murthy
774,Sushma,Ghosh
775,Prashant,Agarwal
776,Neha,Bose
777,Devraj,Bhatt
778,Arjun,Bose
779,Pooja,Kulkarni
780,Umar,Nair
781,Devraj,Trivedi
782,Rakesh,Natarajan
783,Pranav,Chavan
784,Vinita,Mane
785,Rajesh,Patel
786,Aarav,Parikh
787,Devraj,Murthy
788,Rajesh,Tripathi
789,Radha,Dalal
790,Xavier,Dwivedi
791,Devraj,Subramaniam
792,Pooja,Srivastava
793,Varun,Patel
794,Gayatri,Pahwa
795,Sunita,Dhawan
796,Ravi,Patil
797,Anjali,Mane
798,Jagdish,Deshpande
799,Kiran,Shukla
800,Bharat,Nair
801,Divya,Kadam
802,Nandini,Menon
803,Vanita,Bahl
804,Umar,Mane
805,Bharat,Tripathi
806,Abhi,Madan
807,Pranav,Natarajan
808,Dhruv,Hora
809,Varun,Walia
810,Geeta,Iyer
811,Pradeep,Bhosale
812,Aarti,Dhawan
813,Salim,Roy
814,Sanjay,Pahwa
815,Disha,Srivastava
816,Anushka,Malhotra
817,Kavya,Shah
818,Rashid,Oberoi
819,Aditya,Qureshi
820,Lata,Shukla
821,Mohan,Kumar
822,Gopal,Rao
823,Pranav,Patel
824,Rajesh,Bose
825,Farhan,Garg
826,Girish,Patel
827,Bhavna,Patel
828,Mohan,Madan
829,Falak,Khurana
830,Isha,Walia
831,Isha,Sharma
832,Usha,Vohra
833,Rajesh,Dixit
834,Ananya,Srivastava
835,Qasim,Chavan
836,Jaya,Tiwari
837,Pranav,Pawar
838,Gayatri,Goyal
839,Dhruv,Pillai
840,Devraj,Rajan
841,Aarav,Patel
842,Deepa,Iyer
843,Indira,Thakkar
844,Esha,Malhotra
845,Kavya,Das
846,Divya,Ghosh
847,Jagdish,Shinde
848,Nikhil,Krishnan
849,Sushma,Ghosh
850,Rohit,Shukla
851,Radha,Mehta
852,Shweta,Tiwari
853,Radha,Bhatt
854,Kiran,Dhawan
855,Xavier,Garg
856,Anjali,Chadha
857,Ramesh,Iyer
858,Deepak,Pillai
859,Gayatri,Khurana
860,Suresh,Khurana
861,Pradeep,Chavan
862,Mala,Verma
863,Kiran,Mane
864,Kiran,Iyer
865,Yash,Issar
866,Anushka,Chowdhury
867,Umar,Srinivasan
868,Amit,Rastogi
869,Usha,Subramaniam
870,Vanita,Vohra
871,Wasim,Khurana
872,Nikhil,Khurana
873,Xavier,Kadam
874,Anushka,Kulkarni
875,Kavya,Garg
876,Nilesh,Bhatia
877,Mohan,Mehta
878,Wasim,Garg
879,Aryan,Zutshi
880,Vanita,Chadha
881,Qasim,Verma
882,Aryan,Sharma
883,Ramesh,Dixit
884,Jagdish,Kadam
885,Suresh,Dixit
886,Ravi,Rajan
887,Gaurav,Verma
888,Varun,Patel
889,Chitra,Pandey
890,Elan,Issar
891,Anushka,Gupta
892,Jagdish,Pandey
893,Anushka,Malhotra
894,Varun,Qureshi
895,Gaurav,Subramaniam
896,Varun,Rastogi
897,Prashant,Madan
898,Anushka,Madan
899,Riya,Sinha
900,Neha,Kadam
901,Devraj,Parekh
902,Aarav,Khurana
903,Zara,Desai
904,Abhi,Garg
905,Gaurav,Mane
906,Hema,Bhatt
907,Elan,Roy
908,Mohan,Patil
909,Manish,Chandra
910,Dhruv,Garg
911,Sunita,Oberoi
912,Anushka,Krishnan
913,Rakesh,Chowdhury
914,Mahesh,Srinivasan
915,Vimal,Dalal
916,Usha,Gupta
917,Yash,Nagpal
918,Sneha,Nair
919,Priya,Tandon
920,Rakesh,Goyal
921,Meera,Pillai
922,Tariq,Jadhav
923,Aditya,Krishnan
924,Aarav,Hora
925,Naveen,Kumar
926,Vimal,Naidu
927,Divya,Dubey
928,Santosh,Juneja
929,Ramesh,Walia
930,Kamala,Trivedi
931,Anand,Tripathi
932,Prashant,Rajan
933,Salim,Nambiar
934,Dhruv,Khurana
935,Gopal,Srivastava
936,Manish,Parekh
937,Indira,Pillai
938,Rohit,Vohra
939,Sunita,Chandra
940,Shivam,Mehta
941,Aarav,Kapoor
942,Gayatri,Kapoor
943,Aarav,Srivastava
944,Varun,Banerjee
945,Jaya,Sethi
946,Krishnan,Madan
947,Aryan,Mishra
948,Pradeep,Banerjee
949,Chitra,Joshi
950,Nalini,Jain
951,Vinita,Rao
952,Sachin,Gupta
953,Deepak,Rajan
954,Nalini,Subramaniam
955,Salim,Lamba
956,Aisha,Patel
957,Dinesh,Pahwa
958,Mala,Zutshi
959,Abhi,Shah
960,Sneha,Parikh
961,Kiran,Anand
962,Disha,Juneja
963,Vidya,Juneja
964,Ramesh,Saxena
965,Kiran,Pillai
966,Abhi,Bajpai
967,Chetan,Bhosale
968,Omkar,Mukherjee
969,Hitesh,Hora
970,Deepak,Ghosh
971,Kamala,Malhotra
972,Chitra,Parikh
973,Divya,Walia
974,Sushma,Sethi
975,Aarav,Bhatt
976,Indira,Dixit
977,Aryan,Mukherjee
978,Prakash,Swamy
979,Pavan,Dhawan
980,Shivam,Chopra
981,Ananya,Kadam
982,Pranav,Reddy
983,Yash,Mukherjee
984,Gaurav,Swamy
985,Chetan,Joshi
986,Priya,Menon
987,Deepa,Tiwari
988,Anjali,Murthy
989,Kavya,Malhotra
990,Santosh,Parikh
991,Geeta,Venkat
992,Akash,Kapoor
993,Anand,Dalal
994,Umar,Das
995,Jagdish,Pawar
996,Mohan,Joshi
997,Shweta,Chatterjee
998,Aditya,Patil
999,Ramesh,Hora
1000,Pranav,Pawar
1001,Vimal,Thakkar
1002,Mohan,Dixit
1003,Suresh,Banerjee
1004,Vanita,Swamy
1005,Omkar,Sinha
1006,Hema,Dubey
1007,Anushka,Kulkarni
1008,Indira,Malhotra
1009,Qasim,Dalal
1010,Anushka,Sen
1011,Tanvi,Srivastava
1012,Vimal,Parekh
1013,Chetan,Pahwa
1014,Aryan,Patel
1015,Bhavna,Yadav
1016,Omkar,Patil
1017,Sunita,Shah
1018,Vimal,Roy
1019,Qasim,Pandey
1020,Pranav,Rao
1021,Gaurav,Madan
1022,Bharat,Modi
1023,Rajesh,Deshpande
1024,Aarav,Srivastava
1025,Aisha,Thakkar
1026,Prakash,Jain
1027,Dhruv,Goyal
1028,Shivam,Malhotra
1029,Girish,Pandey
1030,Aditya,Nagpal
1031,Nandini,Subramaniam
1032,Tanvi,Oberoi
1033,Anjali,Jain
1034,Dhruv,Jindal
1035,Naveen,Deshpande
1036,Bharat,Rao
1037,Kiran,Dixit
1038,Harish,Malhotra
1039,Qasim,Hora
1040,Ananya,Balaji
1041,Usha,Modi
1042,Mahesh,Ghosh
1043,Ravi,Hora
1044,Santosh,Nambiar
1045,Radha,Tiwari
1046,Indira,Swamy
1047,Rashid,Bahl
1048,Ramesh,Agarwal
1049,Prashant,Bhatia
1050,Bhavna,Chandra
1051,Prakash,Pahwa
1052,Tariq,Srivastava
1053,Chetan,Bhosale
1054,Jagdish,Subramaniam
1055,Disha,Joshi
1056,Devraj,Iyer
1057,Disha,Jadhav
1058,Deepa,Madan
1059,Devraj,Jindal
1060,Wasim,Saxena
1061,Farhan,Dwivedi
1062,Disha,Pawar
1063,Jaya,Agarwal
1064,Ravi,Yadav
1065,Arjun,Jadhav
1066,Mala,Pandey
1067,Vinita,Trivedi
1068,Harish,Gupta
1069,Umar,Thakkar
1070,Hitesh,Tripathi
1071,Suresh,Upadhyay
1072,Kiran,Chavan
1073,Rashid,Saxena
1074,Girish,Rastogi
1075,Ramesh,Bahl
1076,Vanita,Dubey
1077,Shivam,Mane
1078,Anand,Oberoi
1079,Gaurav,Bose
1080,Xavier,Parekh
1081,Rakesh,Shah
1082,Sushma,Hora
1083,Manish,Garg
1084,Anand,Dalal
1085,Anushka,Rajan
1086,Deepak,Bhatia
1087,Hema,Kulkarni
1088,Disha,Patil
1089,Mohan,Walia
1090,Deepak,Subramaniam
1091,Hemant,Pawar
1092,Zara,Tripathi
1093,Bhavna,Grover
1094,Vanita,Issar
1095,Anushka,Kapoor
1096,Ravi,Mittal
1097,Krishnan,Agarwal
1098,Hema,Juneja
1099,Tanvi,Vohra
1100,Qasim,Naidu
1101,Isha,Walia
1102,Jaya,Roy
1103,Dhruv,Parekh
1104,Arjun,Goyal
1105,Deepak,Balaji
1106,Lakshmi,Grover
1107,Divya,Das
1108,Hema,Kapoor
1109,Xavier,Menon
1110,Pooja,Agarwal
1111,Indira,Malhotra
1112,Shivam,Murthy
1113,Ramesh,Shinde
1114,Sneha,Issar
1115,Dhruv,Tandon
1116,Chitra,Naidu
1117,Devraj,Nambiar
1118,Bharat,Jadhav
1119,Hitesh,Anand
1120,Hema,Ghosh
1121,Jagdish,Shinde
1122,Isha,Saxena
1123,Pooja,Rao
1124,Vanita,Iyer
1125,Arjun,Natarajan
1126,Vidya,Parikh
1127,Gayatri,Subramaniam
1128,Xavier,Reddy
1129,Elan,Chatterjee
1130,Vimal,Banerjee
1131,Priya,Juneja
1132,Bharat,Dhawan
1133,Abhi,Chandra
1134,Pooja,Chatterjee
1135,Devraj,Murthy
1136,Pooja,Venkat
1137,Kavya,Bose
1138,Santosh,Mukherjee
1139,Tariq,Srivastava
1140,Bharat,Garg
1141,Aarav,Nair
1142,Sneha,Singh
1143,Aditya,Jindal
1144,Kiran,Rao
1145,Amit,Srinivasan
1146,Pooja,Tripathi
1147,Salim,Qureshi
1148,Aryan,Shah
1149,Kavya,Walia
1150,Chitra,Patil
1151,Rahul,Dalal
1152,Mala,Khurana
1153,Neha,Trivedi
1154,Riya,Tandon
1155,Hema,Chandra
1156,Amit,Gupta
1157,Bhavna,Bhatt
1158,Aditya,Nagpal
1159,Omkar,Juneja
1160,Gayatri,Yadav
1161,Anushka,Bajpai
1162,Bhavna,Dhawan
1163,Pooja,Subramaniam
1164,Anjali,Bhatia
1165,Lata,Roy
1166,Rakesh,Pillai
1167,Bharat,Parikh
1168,Mohan,Sharma
1169,Anushka,Garg
1170,Falak,Jadhav
1171,Abhi,Patel
1172,Pooja,Tripathi
1173,Anand,Menon
1174,Mahesh,Iyer
1175,Sushma,Jain
1176,Rahul,Sharma
1177,Pavan,Ghosh
1178,Mala,Rastogi
1179,Ananya,Gupta
1180,Aarti,Tandon
1181,Harish,Khanna
1182,Rakesh,Roy
1183,Vidya,Bhatt
1184,Geeta,Verma
1185,Prashant,Dubey
1186,Nandini,Mukherjee
1187,Rakesh,Bhatia
1188,Dinesh,Rastogi
1189,Pavan,Shukla
1190,Prakash,Gupta
1191,Gaurav,Patel
1192,Shivam,Singh
1193,Prakash,Rajan
1194,Bharat,Khurana
1195,Elan,Kapoor
1196,Vimal,Yadav
1197,Rajesh,Walia
1198,Sunita,Pawar
1199,Lata,Anand
1200,Esha,Tandon
1201,Dhruv,Chavan
1202,Dinesh,Dwivedi
1203,Jagdish,Gupta
1204,Vikram,Naidu
1205,Aditya,Balaji
1206,Lata,Chatterjee
1207,Sneha,Srinivasan
1208,Ananya,Reddy
1209,Ananya,Das
1210,Aryan,Mane
1211,Kiran,Patel
1212,Aryan,Mishra
1213,Chetan,Das
1214,Radha,Sen
1215,Indira,Srivastava
1216,Chitra,Menon
1217,Shivam,Modi
1218,Prakash,Juneja
1219,Kamala,Patel
1220,Kiran,Khurana
1221,Chetan,Chowdhury
1222,Aditya,Nair
1223,Naveen,Krishnan
1224,Nalini,Bhatt
1225,Kiran,Dixit
1226,Vinita,Bhatt
1227,Deepak,Kulkarni
1228,Bhavna,Dubey
1229,Arjun,Jindal
1230,Chitra,Pahwa
1231,Anand,Bahl
1232,Vimal,Juneja
1233,Dhruv,Mishra
1234,Mala,Chavan
1235,Priya,Sen
1236,Vanita,Sinha
1237,Akash,Joshi
1238,Nandini,Kapoor
1239,Mohan,Shukla
1240,Aditya,Tripathi
1241,Dhruv,Patil
1242,Vanita,Bahl
1243,Jagdish,Nair
1244,Aarti,Saxena
1245,Aditya,Pawar
1246,Naveen,Upadhyay
1247,Mahesh,Saxena
1248,Girish,Bhatt
1249,Vidya,Nambiar
1250,Sanjay,Tripathi
1251,Nalini,Sethi
1252,Jagdish,Bhosale
1253,Divya,Venkat
1254,Girish,Bhatt
1255,Gayatri,Das
1256,Jagdish,Natarajan
1257,Elan,Srinivasan
1258,Varun,Singh
1259,Kamala,Nagpal
1260,Salim,Walia
1261,Falak,Gupta
1262,Krishnan,Malhotra
1263,Pranav,Shinde
1264,Pranav,Ghosh
1265,Bharat,Goyal
1266,Santosh,Parikh
1267,Xavier,Subramaniam
1268,Wasim,Patil
1269,Sushma,Pillai
1270,Shweta,Walia
1271,Sachin,Walia
1272,Vinita,Desai
1273,Rohit,Pandey
1274,Jaya,Nair
1275,Rakesh,Anand
1276,Sunita,Rao
1277,Mahesh,Naidu
1278,Zara,Desai
1279,Rohit,Srinivasan
1280,Elan,Singh
1281,Geeta,Balaji
1282,Falak,Mittal
1283,Ramesh,Mittal
1284,Anushka,Dixit
1285,Dhruv,Pillai
1286,Lata,Dhawan
1287,Vimal,Dhawan
1288,Nalini,Qureshi
1289,Naveen,Grover
1290,Aryan,Hora
1291,Rajesh,Tiwari
1292,Harish,Kadam
1293,Kavya,Grover
1294,Kiran,Desai
1295,Varun,Joshi
1296,Manish,Patel
1297,Deepa,Shukla
1298,Suresh,Chowdhury
1299,Aarav,Krishnan
1300,Vidya,Rao
1301,Hema,Chowdhury
1302,Ramesh,Chopra
1303,Disha,Mukherjee
1304,Nalini,Trivedi
1305,Nalini,Vohra
1306,Mohan,Pillai
1307,Aryan,Chatterjee
1308,Anushka,Jadhav
1309,Manish,Srivastava
1310,Elan,Bajpai
1311,Indira,Jain
1312,Pradeep,Oberoi
1313,Pooja,Subramaniam
1314,Aarti,Bose
1315,Girish,Kulkarni
1316,Varun,Thakkar
1317,Prashant,Krishnan
1318,Pradeep,Pawar
1319,Shweta,Thakkar
1320,Sushma,Das
1321,Disha,Modi
1322,Abhi,Das
1323,Geeta,Trivedi
1324,Anushka,Thakkar
1325,Nilesh,Madan
1326,Sunita,Oberoi
1327,Salim,Grover
1328,Tariq,Pawar
1329,Elan,Issar
1330,Rajesh,Gupta
1331,Lata,Nair
1332,Umar,Patil
1333,Vikram,Swamy
1334,Mohan,Roy
1335,Omkar,Garg
1336,Wasim,Roy
1337,Bharat,Desai
1338,Tariq,Dalal
1339,Sunita,Krishnan
1340,Devraj,Goyal
1341,Falak,Pandey
1342,Abhi,Chandra
1343,Vanita,Oberoi
1344,Aisha,Verma
1345,Aarav,Srivastava
1346,Kiran,Bahl
1347,Shivam,Grover
1348,Hemant,Lamba
1349,Hitesh,Das
1350,Mahesh,Shah
1351,Radha,Agarwal
1352,Pooja,Naidu
1353,Vidya,Shah
1354,Aditya,Bhatt
1355,Jagdish,Murthy
1356,Usha,Srinivasan
1357,Chitra,Oberoi
1358,Varun,Upadhyay
1359,Kavya,Bajpai
1360,Esha,Dwivedi
1361,Usha,Mane
1362,Neha,Shah
1363,Anjali,Ghosh
1364,Umar,Dalal
1365,Jagdish,Pawar
1366,Harish,Walia
1367,Santosh,Hora
1368,Aarti,Kumar
1369,Rakesh,Chandra
1370,Prashant,Chowdhury
1371,Prakash,Shinde
1372,Amit,Kadam
1373,Hemant,Sethi
1374,Anjali,Das
1375,Umar,Upadhyay
1376,Pradeep,Pahwa
1377,Dinesh,Chopra
1378,Divya,Shah
1379,Aarti,Murthy
1380,Kiran,Bhatt
1381,Bhavna,Bose
1382,Vikram,Verma
1383,Amit,Yadav
1384,Mohan,Thakkar
1385,Prashant,Modi
1386,Deepak,Kulkarni
1387,Indira,Hora
1388,Hema,Dhawan
1389,Amit,Tandon
1390,Akash,Krishnan
1391,Sachin,Srinivasan
1392,Rashid,Singh
1393,Jagdish,Chowdhury
1394,Pavan,Srinivasan
1395,Nilesh,Khurana
1396,Neha,Mane
1397,Rajesh,Reddy
1398,Jagdish,Balaji
1399,Akash,Juneja
1400,Usha,Sharma
1401,Varun,Bahl
1402,Devraj,Jadhav
1403,Sushma,Dhawan
1404,Falak,Jindal
1405,Deepak,Khanna
1406,Vidya,Subramaniam
1407,Meera,Goyal
1408,Aisha,Pillai
1409,Amit,Kulkarni
1410,Bhavna,Modi
1411,Shivam,Balaji
1412,Mala,Jindal
1413,Sachin,Reddy
1414,Vidya,Dwivedi
1415,Disha,Khanna
1416,Aarti,Dhawan
1417,Sneha,Iyer
1418,Vikram,Malhotra
1419,Omkar,Nagpal
1420,Nandini,Dubey
1421,Deepa,Walia
1422,Prashant,Parikh
1423,Nilesh,Tandon
1424,Meera,Kadam
1425,Salim,Reddy
1426,Jaya,Bhatia
1427,Devraj,Grover
1428,Manish,Patel
1429,Zara,Patel
1430,Naveen,Madan
1431,Vimal,Bhosale
1432,Devraj,Dwivedi
1433,Pradeep,Naidu
1434,Rashid,Goyal
1435,Vikram,Mehta
1436,Aarti,Jadhav
1437,Priya,Garg
1438,Naveen,Dwivedi
1439,Manish,Chadha
1440,Prakash,Chandra
1441,Deepak,Chavan
1442,Bharat,Desai
1443,Kavya,Pillai
1444,Mahesh,Reddy
1445,Dinesh,Patil
1446,Kiran,Lamba
1447,Arjun,Dixit
1448,Ramesh,Rao
1449,Deepa,Garg
1450,Rashid,Trivedi
1451,Geeta,Garg
1452,Ramesh,Khanna
1453,Prashant,Balaji
1454,Pranav,Joshi
1455,Ravi,Dalal
1456,Omkar,Dwivedi
1457,Rashid,Chandra
1458,Lata,Bhatia
1459,Mohan,Rajan
1460,Indira,Subramaniam
1461,Gaurav,Mane
1462,Kavya,Kumar
1463,Deepa,Vohra
1464,Rakesh,Hora
1465,Akash,Mittal
1466,Yash,Joshi
1467,Prashant,Balaji
1468,Elan,Verma
1469,Tanvi,Roy
1470,Arjun,Bajpai
1471,Farhan,Walia
1472,Farhan,Zutshi
1473,Falak,Parikh
1474,Chetan,Bhatia
1475,Falak,Walia
1476,Usha,Srivastava
1477,Hemant,Pandey
1478,Yash,Mane
1479,Shivam,Kumar
1480,Hema,Saxena
1481,Anushka,Tiwari
1482,Vimal,Krishnan
1483,Bharat,Garg
1484,Hemant,Mane
1485,Qasim,Rastogi
1486,Nikhil,Juneja
1487,Nikhil,Mane
1488,Manish,Yadav
1489,Girish,Modi
1490,Nilesh,Das
1491,Ramesh,Naidu
1492,Aisha,Chopra
1493,Radha,Dhawan
1494,Mahesh,Chadha
1495,Nalini,Garg
1496,Sunita,Venkat
1497,Manish,Mittal
1498,Elan,Mane
1499,Prashant,Hora
1500,Akash,Madan
1501,Gayatri,Sharma
1502,Rahul,Bhatt
1503,Kavya,Lamba
1504,Prakash,Hora
1505,Rashid,Gupta
1506,Ravi,Parekh
1507,Anushka,Khurana
1508,Rashid,Bhatia
1509,Umar,Bhatia
1510,Nikhil,Anand
1511,Abhi,Jindal
1512,Suresh,Parekh
1513,Girish,Chavan
1514,Meera,Pandey
1515,Gopal,Patel
1516,Aisha,Issar
1517,Mahesh,Deshpande
1518,Aryan,Banerjee
1519,Krishnan,Sen
1520,Prashant,Subramaniam
1521,Dhruv,Roy
1522,Rajesh,Tandon
1523,Bhavna,Subramaniam
1524,Priya,Bhatt
1525,Jagdish,Venkat
1526,Indira,Verma
1527,Indira,Dubey
1528,Devraj,Bose
1529,Aarav,Pandey
1530,Hitesh,Shinde
1531,Ramesh,Dwivedi
1532,Neha,Shah
1533,Shivam,Shukla
1534,Chetan,Yadav
1535,Mahesh,Trivedi
1536,Amit,Joshi
1537,Ramesh,Kulkarni
1538,Disha,Mittal
1539,Nandini,Murthy
1540,Pavan,Banerjee
1541,Vidya,Parekh
1542,Sushma,Parikh
1543,Vidya,Pawar
1544,Rohit,Sen
1545,Mohan,Mehta
1546,Prashant,Joshi
1547,Divya,Krishnan
1548,Wasim,Jain
1549,Mahesh,Hora
1550,Vidya,Vohra
1551,Rakesh,Parikh
1552,Jagdish,Krishnan
1553,Vidya,Sinha
1554,Priya,Kapoor
1555,Gayatri,Issar
1556,Lata,Issar
1557,Chitra,Bhatt
1558,Naveen,Grover
1559,Chetan,Nambiar
1560,Priya,Rajan
1561,Vimal,Srinivasan
1562,Rohit,Oberoi
1563,Aarti,Saxena
1564,Ananya,Walia
1565,Aditya,Jain
1566,Nalini,Srinivasan
1567,Nandini,Natarajan
1568,Dhruv,Nagpal
1569,Mohan,Rastogi
1570,Varun,Jadhav
1571,Manish,Shinde
1572,Naveen,Bahl
1573,Kiran,Tripathi
1574,Arjun,Rao
1575,Deepak,Ghosh
1576,Vikram,Bhosale
1577,Gayatri,Pahwa
1578,Nilesh,Shukla
1579,Aarav,Tiwari
1580,Ramesh,Joshi
1581,Hemant,Swamy
1582,Yash,Jindal
1583,Aryan,Trivedi
1584,Mahesh,Anand
1585,Shivam,Bhatia
1586,Sanjay,Nambiar
1587,Esha,Murthy
1588,Umar,Dwivedi
1589,Indira,Nair
1590,Nikhil,Rao
1591,Shweta,Jadhav
1592,Dinesh,Pahwa
1593,Amit,Shukla
1594,Farhan,Bhatia
1595,Lakshmi,Chadha
1596,Harish,Qureshi
1597,Vimal,Chowdhury
1598,Yash,Deshpande
1599,Gaurav,Murthy
1600,Usha,Chatterjee
1601,Kavya,Shah
1602,Priya,Chavan
1603,Hitesh,Bajpai
1604,Geeta,Chavan
1605,Hitesh,Venkat
1606,Aryan,Saxena
1607,Suresh,Tiwari
1608,Mahesh,Verma
1609,Anand,Vohra
1610,Kavya,Khanna
1611,Zara,Banerjee
1612,Omkar,Vohra
1613,Hema,Venkat
1614,Priya,Agarwal
1615,Xavier,Anand
1616,Prakash,Khurana
1617,Arjun,Hora
1618,Bharat,Oberoi
1619,Tanvi,Kadam
1620,Geeta,Parikh
1621,Vanita,Mehta
1622,Lakshmi,Saxena
1623,Sachin,Rajan
1624,Naveen,Chavan
1625,Pavan,Madan
1626,Prashant,Mehta
1627,Ananya,Rao
1628,Radha,Bhosale
1629,Abhi,Tandon
1630,Qasim,Sen
1631,Aditya,Qureshi
1632,Aarti,Goyal
1633,Wasim,Dubey
1634,Prashant,Malhotra
1635,Suresh,Srivastava
1636,Vidya,Kadam
1637,Hema,Murthy
1638,Indira,Mittal
1639,Manish,Mukherjee
1640,Suresh,Nagpal
1641,Anushka,Jindal
1642,Gayatri,Das
1643,Varun,Pawar
1644,Suresh,Venkat
1645,Vanita,Upadhyay
1646,Aarav,Pillai
1647,Nilesh,Malhotra
1648,Anand,Mittal
1649,Hema,Parikh
1650,Manish,Chopra
1651,Kavya,Juneja
1652,Pranav,Agarwal
1653,Hemant,Garg
1654,Chetan,Rastogi
1655,Elan,Rastogi
1656,Indira,Singh
1657,Anand,Chavan
1658,Nandini,Malhotra
1659,Jaya,Nagpal
1660,Farhan,Balaji
1661,Naveen,Hora
1662,Tariq,Rao
1663,Lata,Mishra
1664,Akash,Upadhyay
1665,Suresh,Srivastava
1666,Bhavna,Shah
1667,Ananya,Bahl
1668,Tariq,Bhatia
1669,Chetan,Zutshi
1670,Riya,Banerjee
1671,Lakshmi,Chavan
1672,Girish,Bose
1673,Pranav,Ghosh
1674,Elan,Dixit
1675,Sunita,Tandon
1676,Nalini,Mehta
1677,Yash,Juneja
1678,Arjun,Mishra
1679,Gaurav,Rajan
1680,Naveen,Anand
1681,Kiran,Deshpande
1682,Radha,Qureshi
1683,Nilesh,Roy
1684,Elan,Mishra
1685,Umar,Naidu
1686,Hemant,Oberoi
1687,Riya,Khanna
1688,Nilesh,Rajan
1689,Aarti,Parekh
1690,Pranav,Roy
1691,Kamala,Pillai
1692,Vinita,Nagpal
1693,Pavan,Grover
1694,Xavier,Tiwari
1695,Varun,Saxena
1696,Salim,Bhatia
1697,Usha,Kulkarni
1698,Rakesh,Modi
1699,Ramesh,Garg
1700,Anand,Grover
1701,Lata,Gupta
1702,Dhruv,Krishnan
1703,Neha,Walia
1704,Vidya,Bhatia
1705,Sunita,Sen
1706,Gayatri,Reddy
1707,Bharat,Kumar
1708,Salim,Hora
1709,Usha,Anand
1710,Kiran,Bajpai
1711,Wasim,Jindal
1712,Vimal,Jindal
1713,Meera,Bahl
1714,Lata,Menon
1715,Meera,Parikh
1716,Disha,Dubey
1717,Gopal,Agarwal
1718,Sachin,Kapoor
1719,Rajesh,Srivastava
1720,Naveen,Rao
1721,Abhi,Kumar
1722,Divya,Lamba
1723,Aarti,Mishra
1724,Hema,Mane
1725,Gayatri,Deshpande
1726,Vikram,Chopra
1727,Deepak,Bhatt
1728,Rajesh,Hora
1729,Ananya,Madan
1730,Omkar,Subramaniam
1731,Naveen,Srivastava
1732,Mohan,Kulkarni
1733,Geeta,Chadha
1734,Gayatri,Mishra
1735,Qasim,Chatterjee
1736,Anushka,Madan
1737,Tanvi,Verma
1738,Nilesh,Pandey
1739,Jagdish,Nair
1740,Vimal,Bose
1741,Akash,Bajpai
1742,Hema,Murthy
1743,Aisha,Subramaniam
1744,Elan,Shukla
1745,Prashant,Chadha
1746,Aarti,Dubey
1747,Deepak,Bose
1748,Rashid,Sen
1749,Ravi,Joshi
1750,Disha,Srivastava
1751,Riya,Bhatt
1752,Gayatri,Hora
1753,Disha,Verma
1754,Chitra,Walia
1755,Gopal,Srivastava
1756,Aarti,Kapoor
1757,Akash,Mukherjee
1758,Vidya,Pillai
1759,Kiran,Nair
1760,Jaya,Bajpai
1761,Aditya,Mittal
1762,Kiran,Ghosh
1763,Pavan,Bhosale
1764,Nandini,Iyer
1765,Jaya,Agarwal
1766,Zara,Dwivedi
1767,Nilesh,Khurana
1768,Umar,Upadhyay
1769,Vinita,Dalal
1770,Tanvi,Chadha
1771,Nalini,Rajan
1772,Vinita,Madan
1773,Nalini,Das
1774,Devraj,Dalal
1775,Pranav,Pandey
1776,Disha,Goyal
1777,Sachin,Shukla
1778,Divya,Chavan
1779,Omkar,Hora
1780,Sunita,Thakkar
1781,Rakesh,Reddy
1782,Pranav,Vohra
1783,Rahul,Jain
1784,Nalini,Menon
1785,Ravi,Nagpal
1786,Indira,Parekh
1787,Farhan,Walia
1788,Santosh,Mittal
1789,Radha,Jindal
1790,Mahesh,Menon
1791,Mohan,Agarwal
1792,Vimal,Swamy
1793,Sanjay,Nagpal
1794,Rakesh,Bahl
1795,Ananya,Trivedi
1796,Devraj,Kumar
1797,Meera,Murthy
1798,Xavier,Sen
1799,Prashant,Anand
1800,Rajesh,Chandra
1801,Xavier,Nambiar
1802,Jaya,Zutshi
1803,Chitra,Joshi
1804,Chitra,Subramaniam
1805,Hemant,Pillai
1806,Yash,Chowdhury
1807,Elan,Bhatia
1808,Esha,Parekh
1809,Vanita,Kadam
1810,Deepak,Upadhyay
1811,Aryan,Nair
1812,Neha,Das
1813,Sanjay,Balaji
1814,Wasim,Dwivedi
1815,Geeta,Tandon
1816,Hitesh,Mishra
1817,Radha,Nair
1818,Indira,Patil
1819,Ravi,Gupta
1820,Sachin,Singh
1821,Neha,Dhawan
1822,Jaya,Khurana
1823,Nilesh,Dwivedi
1824,Mahesh,Modi
1825,Meera,Tandon
1826,Neha,Menon
1827,Vanita,Rao
1828,Umar,Swamy
1829,Farhan,Ghosh
1830,Nilesh,Chopra
1831,Elan,Chavan
1832,Jaya,Patel
1833,Dhruv,Parekh
1834,Shweta,Goyal
1835,Sushma,Nair
1836,Aarav,Venkat
1837,Amit,Chavan
1838,Sunita,Jain
1839,Jagdish,Rastogi
1840,Sunita,Juneja
1841,Prakash,Bose
1842,Varun,Pillai
1843,Pavan,Joshi
1844,Aarav,Mittal
1845,Gayatri,Verma
1846,Tariq,Natarajan
1847,Hitesh,Nagpal
1848,Santosh,Banerjee
1849,Krishnan,Rao
1850,Shivam,Verma
1851,Vidya,Trivedi
1852,Arjun,Ghosh
1853,Radha,Rajan
1854,Qasim,Dixit
1855,Kavya,Roy
1856,Nilesh,Pillai
1857,Mala,Menon
1858,Farhan,Jain
1859,Santosh,Patel
1860,Gopal,Tiwari
1861,Meera,Dwivedi
1862,Esha,Mane
1863,Jagdish,Dubey
1864,Bhavna,Kadam
1865,Akash,Zutshi
1866,Deepa,Mehta
1867,Varun,Goyal
1868,Ravi,Madan
1869,Prakash,Reddy
1870,Mala,Gupta
1871,Pavan,Mehta
1872,Geeta,Chadha
1873,Devraj,Sen
1874,Xavier,Verma
1875,Gaurav,Sinha
1876,Aarti,Tiwari
1877,Tanvi,Menon
1878,Zara,Desai
1879,Xavier,Khurana
1880,Vidya,Reddy
1881,Nalini,Juneja
1882,Hema,Naidu
1883,Vimal,Agarwal
1884,Vidya,Rastogi
1885,Anushka,Saxena
1886,Naveen,Dubey
1887,Nalini,Upadhyay
1888,Nilesh,Rajan
1889,Gayatri,Trivedi
1890,Sneha,Upadhyay
1891,Prashant,Singh
1892,Usha,Natarajan
1893,Amit,Bhosale
1894,Krishnan,Oberoi
1895,Sachin,Modi
1896,Harish,Iyer
1897,Anjali,Shinde
1898,Aditya,Thakkar
1899,Qasim,Chadha
1900,Arjun,Pahwa
1901,Esha,Banerjee
1902,Sushma,Gupta
1903,Elan,Qureshi
1904,Ananya,Bose
1905,Kavya,Reddy
1906,Salim,Shukla
1907,Bhavna,Bhatia
1908,Farhan,Roy
1909,Rahul,Deshpande
1910,Ananya,Pahwa
1911,Hema,Upadhyay
1912,Bhavna,Venkat
1913,Naveen,Parikh
1914,Zara,Yadav
1915,Aisha,Rastogi
1916,Aarti,Pandey
1917,Sachin,Chandra
1918,Elan,Srivastava
1919,Rahul,Bhosale
1920,Shweta,Chopra
1921,Chitra,Bahl
1922,Chetan,Pawar
1923,Disha,Swamy
1924,Qasim,Ghosh
1925,Nikhil,Bajpai
1926,Nikhil,Bajpai
1927,Anjali,Bhatt
1928,Akash,Kapoor
1929,Chetan,Chopra
1930,Ravi,Khanna
1931,Disha,Patil
1932,Manish,Ghosh
1933,Pooja,Dwivedi
1934,Hitesh,Reddy
1935,Girish,Kulkarni
1936,Kavya,Ghosh
1937,Rahul,Hora
1938,Sneha,Srinivasan
1939,Rakesh,Agarwal
1940,Usha,Modi
1941,Nalini,Roy
1942,Rahul,Chowdhury
1943,Gaurav,Pillai
1944,Arjun,Joshi
1945,Jaya,Agarwal
1946,Qasim,Pillai
1947,Rajesh,Sharma
1948,Jagdish,Dixit
1949,Hema,Pillai
1950,Gopal,Rajan
1951,Santosh,Thakkar
1952,Jaya,Mittal
1953,Wasim,Murthy
1954,Elan,Tiwari
1955,Santosh,Dalal
1956,Rahul,Krishnan
1957,Prashant,Jain
1958,Ananya,Chavan
1959,Priya,Kadam
1960,Aditya,Subramaniam
1961,Anjali,Dalal
1962,Girish,Kumar
1963,Hitesh,Yadav
1964,Jaya,Menon
1965,Nikhil,Kulkarni
1966,Manish,Iyer
1967,Devraj,Singh
1968,Kamala,Krishnan
1969,Aisha,Modi
1970,Jagdish,Malhotra
1971,Vinita,Menon
1972,Ravi,Das
1973,Gopal,Mittal
1974,Farhan,Tiwari
1975,Geeta,Shah
1976,Zara,Upadhyay
1977,Aisha,Patel
1978,Salim,Dubey
1979,Ananya,Verma
1980,Gopal,Mehta
1981,Wasim,Zutshi
1982,Elan,Balaji
1983,Nandini,Kapoor
1984,Deepak,Shah
1985,Umar,Modi
1986,Nandini,Menon
1987,Prashant,Juneja
1988,Rajesh,Issar
1989,Zara,Tripathi
1990,Mahesh,Roy
1991,Mahesh,Chopra
1992,Tariq,Vohra
1993,Indira,Khanna
1994,Gaurav,Goyal
1995,Chetan,Ghosh
1996,Gayatri,Kapoor
1997,Riya,Pillai
1998,Elan,Ghosh
1999,Wasim,Mehta
2000,Divya,Pandey
2001,Lakshmi,Srinivasan
2002,Tariq,Menon
2003,Naveen,Swamy
2004,Pranav,Sharma
2005,Qasim,Issar
2006,Elan,Issar
2007,Ananya,Ghosh
2008,Arjun,Menon
2009,Ramesh,Hora
2010,Sneha,Srinivasan
2011,Harish,Parikh
2012,Suresh,Saxena
2013,Isha,Joshi
2014,Arjun,Khurana
2015,Amit,Srivastava
2016,Dinesh,Chadha
2017,Rahul,Bhatt
2018,Falak,Goyal
2019,Yash,Issar
2020,Vidya,Yadav
2021,Manish,Trivedi
2022,Jagdish,Jain
2023,Usha,Modi
2024,Kavya,Jindal
2025,Gopal,Shukla
2026,Kamala,Nambiar
2027,Suresh,Anand
2028,Kiran,Pahwa
2029,Hitesh,Pahwa
2030,Suresh,Zutshi
2031,Falak,Parikh
2032,Jagdish,Modi
2033,Kavya,Hora
2034,Aarti,Venkat
2035,Naveen,Khanna
2036,Mahesh,Roy
2037,Anand,Pawar
2038,Varun,Goyal
2039,Farhan,Srinivasan
2040,Sunita,Khurana
2041,Pavan,Pahwa
2042,Prakash,Saxena
2043,Xavier,Bajpai
2044,Dhruv,Das
2045,Kavya,Pawar
2046,Aditya,Malhotra
2047,Sushma,Bhosale
2048,Jagdish,Garg
2049,Aryan,Das
2050,Elan,Patil
2051,Jagdish,Pahwa
2052,Gayatri,Banerjee
2053,Hema,Dalal
2054,Falak,Subramaniam
2055,Vikram,Rastogi
2056,Lakshmi,Grover
2057,Usha,Tripathi
2058,Meera,Srinivasan
2059,Gaurav,Sharma
2060,Sachin,Bahl
2061,Rashid,Bhatt
2062,Jagdish,Krishnan
2063,Ramesh,Kadam
2064,Shivam,Chavan
2065,Geeta,Mishra
2066,Tariq,Shinde
2067,Disha,Gupta
2068,Aisha,Rastogi
2069,Abhi,Madan
2070,Rajesh,Dubey
2071,Aditya,Nair
2072,Mohan,Desai
2073,Vimal,Qureshi
2074,Varun,Banerjee
2075,Gopal,Singh
2076,Dhruv,Dhawan
2077,Prakash,Kadam
2078,Tariq,Jain
2079,Wasim,Anand
2080,Pradeep,Chavan
2081,Deepak,Parekh
2082,Falak,Trivedi
2083,Girish,Patel
2084,Deepa,Bhatia
2085,Chitra,Pahwa
2086,Deepak,Gupta
2087,Chitra,Chopra
2088,Xavier,Patel
2089,Ravi,Thakkar
2090,Tanvi,Shinde
2091,Vinita,Subramaniam
2092,Girish,Mishra
2093,Jaya,Upadhyay
2094,Abhi,Trivedi
2095,Indira,Sen
2096,Jaya,Pandey
2097,Qasim,Dixit
2098,Aarav,Malhotra
2099,Vikram,Modi
2100,Sachin,Bhatt
2101,Nalini,Pawar
2102,Kavya,Hora
2103,Indira,Rajan
2104,Suresh,Kulkarni
2105,Pavan,Menon
2106,Meera,Chatterjee
2107,Isha,Chowdhury
2108,Ravi,Menon
2109,Farhan,Dwivedi
2110,Lakshmi,Dhawan
2111,Indira,Patil
2112,Gaurav,Mehta
2113,Hema,Walia
2114,Ramesh,Mane
2115,Elan,Murthy
2116,Krishnan,Desai
2117,Kamala,Tiwari
2118,Shweta,Dwivedi
2119,Radha,Menon
2120,Ravi,Tiwari
2121,Bharat,Saxena
2122,Prakash,Roy
2123,Rakesh,Tandon
2124,Krishnan,Desai
2125,Pooja,Walia
2126,Naveen,Tiwari
2127,Kiran,Patel
2128,Abhi,Chavan
2129,Mahesh,Issar
2130,Bhavna,Sethi
2131,Suresh,Trivedi
2132,Rakesh,Menon
2133,Anand,Modi
2134,Omkar,Mishra
2135,Sneha,Venkat
2136,Prakash,Sethi
2137,Suresh,Patel
2138,Jagdish,Kapoor
2139,Usha,Hora
2140,Devraj,Mukherjee
2141,Rahul,Srinivasan
2142,Ramesh,Chatterjee
2143,Ravi,Dhawan
2144,Riya,Rastogi
2145,Dinesh,Bhosale
2146,Deepak,Issar
2147,Vinita,Patil
2148,Disha,Mane
2149,Usha,Bhatia
2150,Sunita,Kadam
2151,Mohan,Bose
2152,Kamala,Rastogi
2153,Shweta,Parekh
2154,Arjun,Madan
2155,Chetan,Swamy
2156,Wasim,Hora
2157,Ramesh,Dalal
2158,Varun,Rao
2159,Abhi,Krishnan
2160,Aisha,Patil
2161,Anand,Jindal
2162,Vinita,Chavan
2163,Sushma,Patil
2164,Naveen,Joshi
2165,Anushka,Malhotra
2166,Manish,Khanna
2167,Dhruv,Jadhav
2168,Amit,Verma
2169,Sachin,Tiwari
2170,Aarav,Jain
2171,Deepa,Hora
2172,Tanvi,Kulkarni
2173,Hema,Chowdhury
2174,Chetan,Tripathi
2175,Deepa,Parekh
2176,Geeta,Issar
2177,Hema,Tripathi
2178,Priya,Nair
2179,Pradeep,Mehta
2180,Hema,Sen
2181,Varun,Oberoi
2182,Aryan,Jindal
2183,Hemant,Upadhyay
2184,Anjali,Verma
2185,Mala,Goyal
2186,Sneha,Khanna
2187,Jagdish,Bose
2188,Priya,Bajpai
2189,Sneha,Mehta
2190,Falak,Venkat
2191,Suresh,Tripathi
2192,Radha,Shinde
2193,Xavier,Rastogi
2194,Esha,Mishra
2195,Akash,Mittal
2196,Pranav,Pillai
2197,Nikhil,Bhatt
2198,Pranav,Iyer
2199,Pooja,Gupta
2200,Santosh,Sinha
2201,Disha,Dubey
2202,Isha,Mehta
2203,Ramesh,Reddy
2204,Aditya,Bhatt
2205,Vidya,Chavan
2206,Zara,Pahwa
2207,Manish,Krishnan
2208,Elan,Malhotra
2209,Lata,Sharma
2210,Sachin,Natarajan
2211,Farhan,Oberoi
2212,Mala,Khanna
2213,Mala,Deshpande
2214,Nilesh,Natarajan
2215,Lakshmi,Shah
2216,Elan,Patel
2217,Prakash,Jindal
2218,Riya,Agarwal
2219,Riya,Bhosale
2220,Meera,Rao
2221,Hemant,Goyal
2222,Lakshmi,Oberoi
2223,Gayatri,Joshi
2224,Isha,Sinha
2225,Amit,Kapoor
2226,Shivam,Menon
2227,Tanvi,Tiwari
2228,Sachin,Malhotra
2229,Disha,Dhawan
2230,Vikram,Nambiar
2231,Anand,Joshi
2232,Divya,Pandey
2233,Sanjay,Upadhyay
2234,Prashant,Mane
2235,Nikhil,Naidu
2236,Umar,Chowdhury
2237,Naveen,Upadhyay
2238,Isha,Hora
2239,Rohit,Shah
2240,Dinesh,Dwivedi
2241,Aisha,Dwivedi
2242,Vidya,Singh
2243,Sushma,Dubey
2244,Pranav,Dubey
2245,Pranav,Bhosale
2246,Vanita,Oberoi
2247,Jagdish,Bhatt
2248,Krishnan,Sethi
2249,Devraj,Tiwari
2250,Girish,Iyer
2251,Vikram,Yadav
2252,Sunita,Patel
2253,Sneha,Krishnan
2254,Hitesh,Kadam
2255,Wasim,Venkat
2256,Krishnan,Joshi
2257,Nilesh,Shukla
2258,Lakshmi,Iyer
2259,Riya,Bhatt
2260,Jaya,Pahwa
2261,Mohan,Jadhav
2262,Deepak,Menon
2263,Hema,Ghosh
2264,Hema,Pawar
2265,Umar,Lamba
2266,Jaya,Banerjee
2267,Kamala,Chandra
2268,Aryan,Dixit
2269,Anjali,Deshpande
2270,Aarti,Upadhyay
2271,Deepa,Pillai
2272,Nalini,Chandra
2273,Amit,Oberoi
2274,Dinesh,Vohra
2275,Rohit,Dubey
2276,Esha,Dixit
2277,Nikhil,Dwivedi
2278,Manish,Qureshi
2279,Ramesh,Qureshi
2280,Aarav,Srinivasan
2281,Mala,Menon
2282,Ramesh,Singh
2283,Prashant,Parikh
2284,Indira,Sinha
2285,Rakesh,Rastogi
2286,Vikram,Pahwa
2287,Elan,Oberoi
2288,Aarav,Jain
2289,Sushma,Chopra
2290,Elan,Khanna
2291,Geeta,Malhotra
2292,Dhruv,Kumar
2293,Pavan,Khurana
2294,Sushma,Roy
2295,Aarti,Dhawan
2296,Dhruv,Roy
2297,Sachin,Upadhyay
2298,Shweta,Dhawan
2299,Umar,Kadam
2300,Anushka,Menon
2301,Nalini,Subramaniam
2302,Harish,Nair
2303,Riya,Shukla
2304,Geeta,Vohra
2305,Mala,Murthy
2306,Anushka,Hora
2307,Gopal,Srivastava
2308,Lakshmi,Murthy
2309,Anushka,Rao
2310,Qasim,Chopra
2311,Pavan,Srinivasan
2312,Gaurav,Sharma
2313,Harish,Madan
2314,Abhi,Zutshi
2315,Girish,Rao
2316,Usha,Mane
2317,Vimal,Shah
2318,Abhi,Patel
2319,Bharat,Jindal
2320,Hema,Hora
2321,Jaya,Ghosh
2322,Farhan,Bhatia
2323,Qasim,Roy
2324,Vikram,Saxena
2325,Farhan,Mukherjee
2326,Kiran,Patel
2327,Anushka,Gupta
2328,Riya,Oberoi
2329,Geeta,Modi
2330,Gayatri,Grover
2331,Elan,Pahwa
2332,Geeta,Ghosh
2333,Kamala,Iyer
2334,Anjali,Bahl
2335,Jagdish,Nair
2336,Tariq,Balaji
2337,Mahesh,Singh
2338,Akash,Dhawan
2339,Aarav,Tandon
2340,Gaurav,Ghosh
2341,Hema,Pillai
2342,Esha,Sethi
2343,Vinita,Shah
2344,Bhavna,Vohra
2345,Rohit,Saxena
2346,Farhan,Menon
2347,Umar,Mukherjee
2348,Manish,Natarajan
2349,Usha,Naidu
2350,Salim,Saxena
2351,Naveen,Oberoi
2352,Mohan,Oberoi
2353,Bhavna,Jindal
2354,Pavan,Madan
2355,Aarav,Parikh
2356,Girish,Modi
2357,Omkar,Grover
2358,Aryan,Walia
2359,Prashant,Upadhyay
2360,Gayatri,Joshi
2361,Abhi,Shukla
2362,Nandini,Rao
2363,Gayatri,Patil
2364,Omkar,Malhotra
2365,Gayatri,Jadhav
2366,Anjali,Naidu
2367,Varun,Issar
2368,Rahul,Nagpal
2369,Meera,Subramaniam
2370,Pradeep,Sinha
2371,Farhan,Balaji
2372,Chitra,Dixit
2373,Tariq,Verma
2374,Nikhil,Chandra
2375,Elan,Singh
2376,Neha,Nagpal
2377,Rajesh,Tiwari
2378,Tanvi,Sen
2379,Hema,Bhatt
2380,Pooja,Chowdhury
2381,Esha,Juneja
2382,Deepak,Qureshi
2383,Hema,Mittal
2384,Jaya,Rajan
2385,Kavya,Garg
2386,Hemant,Kadam
2387,Rahul,Khurana
2388,Nandini,Ghosh
2389,Aditya,Desai
2390,Prakash,Dixit
2391,Anushka,Kapoor
2392,Aarti,Kulkarni
2393,Falak,Patel
2394,Tariq,Natarajan
2395,Vinita,Mane
2396,Usha,Madan
2397,Harish,Issar
2398,Kiran,Gupta
2399,Kiran,Pawar
2400,Shweta,Shah
2401,Ravi,Srivastava
2402,Mohan,Kadam
2403,Kavya,Chowdhury
2404,Rakesh,Dixit
2405,Naveen,Bhatia
2406,Priya,Madan
2407,Pranav,Zutshi
2408,Kamala,Qureshi
2409,Riya,Kulkarni
2410,Zara,Sen
2411,Kavya,Dubey
2412,Manish,Rao
2413,Sachin,Pawar
2414,Qasim,Vohra
2415,Wasim,Goyal
2416,Sushma,Parikh
2417,Rahul,Sinha
2418,Aditya,Grover
2419,Zara,Patil
2420,Harish,Tripathi
2421,Kavya,Nambiar
2422,Omkar,Bajpai
2423,Vikram,Naidu
2424,Harish,Shukla
2425,Rahul,Tandon
2426,Pradeep,Kulkarni
2427,Anjali,Nair
2428,Yash,Desai
2429,Nikhil,Oberoi
2430,Girish,Balaji
2431,Abhi,Verma
2432,Gopal,Bajpai
2433,Xavier,Mane
2434,Aisha,Grover
2435,Anushka,Sharma
2436,Pavan,Dubey
2437,Dinesh,Madan
2438,Mohan,Bahl
2439,Chitra,Murthy
2440,Abhi,Bhatia
2441,Sachin,Khanna
2442,Gaurav,Tiwari
2443,Nandini,Dhawan
2444,Suresh,Swamy
2445,Santosh,Pillai
2446,Anand,Banerjee
2447,Lakshmi,Pandey
2448,Priya,Mishra
2449,Vanita,Juneja
2450,Amit,Goyal
2451,Mahesh,Roy
2452,Nikhil,Kapoor
2453,Neha,Verma
2454,Rashid,Roy
2455,Prashant,Kapoor
2456,Farhan,Khanna
2457,Kavya,Bose
2458,Falak,Madan
2459,Lata,Dalal
2460,Gopal,Yadav
2461,Umar,Sethi
2462,Pradeep,Rao
2463,Sushma,Jindal
2464,Varun,Oberoi
2465,Kamala,Pawar
2466,Jagdish,Goyal
2467,Dinesh,Oberoi
2468,Gopal,Gupta
2469,Chitra,Thakkar
2470,Pranav,Tripathi
2471,Hemant,Grover
2472,Kavya,Balaji
2473,Kavya,Walia
2474,Ramesh,Naidu
2475,Xavier,Iyer
2476,Disha,Desai
2477,Suresh,Dhawan
2478,Harish,Pawar
2479,Vimal,Madan
2480,Zara,Chowdhury
2481,Gaurav,Chavan
2482,Akash,Chadha
2483,Elan,Patel
2484,Krishnan,Mishra
2485,Pranav,Joshi
2486,Nandini,Kapoor
2487,Mala,Verma
2488,Nalini,Srinivasan
2489,Nilesh,Pawar
2490,Tariq,Deshpande
2491,Elan,Parekh
2492,Aarti,Tripathi
2493,Zara,Subramaniam
2494,Ravi,Pawar
2495,Naveen,Dixit
2496,Krishnan,Upadhyay
2497,Deepa,Bhatia
2498,Anjali,Chadha
2499,Akash,Issar
2500,Dinesh,Reddy
2501,Sneha,Zutshi
2502,Shweta,Anand
2503,Nilesh,Jadhav
2504,Vidya,Mukherjee
2505,Varun,Tandon
2506,Farhan,Bahl
2507,Ravi,Dalal
2508,Tariq,Bhatia
2509,Ravi,Parikh
2510,Rohit,Kumar
2511,Prashant,Madan
2512,Prakash,Kulkarni
2513,Esha,Khurana
2514,Shweta,Dwivedi
2515,Sachin,Lamba
2516,Tariq,Kadam
2517,Elan,Nagpal
2518,Shweta,Tiwari
2519,Hemant,Yadav
2520,Vikram,Bhatt
2521,Vimal,Jain
2522,Divya,Garg
2523,Sunita,Subramaniam
2524,Kiran,Parekh
2525,Tanvi,Dhawan
2526,Nandini,Mukherjee
2527,Nikhil,Zutshi
2528,Yash,Tripathi
2529,Rajesh,Ghosh
2530,Jaya,Issar
2531,Amit,Deshpande
2532,Hemant,Naidu
2533,Neha,Mittal
2534,Jagdish,Naidu
2535,Chetan,Shah
2536,Gaurav,Vohra
2537,Mohan,Dalal
2538,Rahul,Issar
2539,Ramesh,Reddy
2540,Nandini,Goyal
2541,Aarti,Mishra
2542,Vanita,Malhotra
2543,Prakash,Shukla
2544,Pranav,Chopra
2545,Kiran,Bhatia
2546,Gayatri,Issar
2547,Hemant,Mukherjee
2548,Wasim,Dubey
2549,Sunita,Malhotra
2550,Bhavna,Walia
2551,Vinita,Pahwa
2552,Gaurav,Mittal
2553,Divya,Kumar
2554,Yash,Nambiar
2555,Shivam,Naidu
2556,Abhi,Khanna
2557,Hitesh,Grover
2558,Dinesh,Shah
2559,Mahesh,Patil
2560,Krishnan,Bajpai
2561,Radha,Dubey
2562,Manish,Rastogi
2563,Omkar,Patil
2564,Lakshmi,Khanna
2565,Aryan,Garg
2566,Bharat,Srinivasan
2567,Nandini,Venkat
2568,Tariq,Mukherjee
2569,Akash,Natarajan
2570,Ananya,Shah
2571,Deepa,Bhosale
2572,Aarti,Parekh
2573,Harish,Kulkarni
2574,Vinita,Kapoor
2575,Aryan,Rao
2576,Umar,Thakkar
2577,Prakash,Chowdhury
2578,Vinita,Reddy
2579,Usha,Chatterjee
2580,Wasim,Mukherjee
2581,Aisha,Jain
2582,Sanjay,Srivastava
2583,Aarti,Sen
2584,Abhi,Anand
2585,Tariq,Dubey
2586,Aarav,Upadhyay
2587,Neha,Goyal
2588,Nilesh,Subramaniam
2589,Prakash,Modi
2590,Yash,Issar
2591,Sachin,Nagpal
2592,Kamala,Jindal
2593,Sachin,Tripathi
2594,Isha,Mane
2595,Chetan,Murthy
2596,Elan,Nagpal
2597,Suresh,Rao
2598,Kamala,Bhatia
2599,Prakash,Pahwa
2600,Disha,Pawar
2601,Hemant,Srivastava
2602,Jaya,Rastogi
2603,Arjun,Trivedi
2604,Zara,Chadha
2605,Anjali,Bajpai
2606,Rohit,Khanna
2607,Prashant,Mishra
2608,Aarav,Patil
2609,Dinesh,Pahwa
2610,Vidya,Issar
2611,Meera,Sethi
2612,Zara,Bhatia
2613,Vikram,Upadhyay
2614,Pranav,Swamy
2615,Ravi,Rastogi
2616,Bhavna,Dixit
2617,Sushma,Joshi
2618,Isha,Dwivedi
2619,Gayatri,Khanna
2620,Salim,Subramaniam
2621,Tanvi,Kulkarni
2622,Pradeep,Swamy
2623,Meera,Venkat
2624,Hemant,Qureshi
2625,Vanita,Chopra
2626,Ramesh,Kulkarni
2627,Hitesh,Kapoor
2628,Gaurav,Joshi
2629,Anjali,Joshi
2630,Kiran,Iyer
2631,Tanvi,Patel
2632,Nikhil,Gupta
2633,Sneha,Joshi
2634,Nandini,Dhawan
2635,Kavya,Bhosale
2636,Aisha,Bose
2637,Salim,Singh
2638,Prakash,Shah
2639,Mohan,Pillai
2640,Manish,Bhosale
2641,Aarav,Khanna
2642,Mahesh,Kumar
2643,Shweta,Deshpande
2644,Kamala,Chandra
2645,Akash,Sinha
2646,Kavya,Kulkarni
2647,Harish,Saxena
2648,Falak,Dwivedi
2649,Suresh,Saxena
2650,Divya,Kulkarni
2651,Naveen,Kapoor
2652,Anjali,Naidu
2653,Nandini,Rastogi
2654,Nandini,Dalal
2655,Rahul,Jindal
2656,Riya,Chatterjee
2657,Meera,Nair
2658,Sanjay,Shah
2659,Hemant,Zutshi
2660,Bhavna,Pillai
2661,Suresh,Malhotra
2662,Gaurav,Desai
2663,Tanvi,Chatterjee
2664,Usha,Parekh
2665,Falak,Thakkar
2666,Dhruv,Jindal
2667,Sunita,Zutshi
2668,Usha,Murthy
2669,Suresh,Roy
2670,Suresh,Nambiar
2671,Radha,Iyer
2672,Rajesh,Patel
2673,Isha,Singh
2674,Anushka,Juneja
2675,Wasim,Venkat
2676,Yash,Dalal
2677,Sachin,Nagpal
2678,Xavier,Sinha
2679,Chetan,Khurana
2680,Gaurav,Sinha
2681,Suresh,Kumar
2682,Usha,Tripathi
2683,Falak,Nair
2684,Disha,Nambiar
2685,Usha,Nair
2686,Dhruv,Shinde
2687,Aarav,Garg
2688,Nandini,Walia
2689,Umar,Chowdhury
2690,Chetan,Chopra
2691,Shivam,Iyer
2692,Esha,Chopra
2693,Pooja,Thakkar
2694,Gayatri,Das
2695,Deepak,Gupta
2696,Lata,Mukherjee
2697,Geeta,Thakkar
2698,Akash,Chandra
2699,Pranav,Balaji
2700,Harish,Verma
2701,Amit,Goyal
2702,Hemant,Sethi
2703,Disha,Bahl
2704,Sachin,Kumar
2705,Ananya,Kulkarni
2706,Esha,Kumar
2707,Falak,Sharma
2708,Sunita,Chandra
2709,Aditya,Dhawan
2710,Aarti,Deshpande
2711,Girish,Joshi
2712,Deepak,Mehta
2713,Rakesh,Dwivedi
2714,Farhan,Tandon
2715,Deepa,Upadhyay
2716,Devraj,Mishra
2717,Riya,Balaji
2718,Dhruv,Dwivedi
2719,Girish,Khanna
2720,Priya,Murthy
2721,Nilesh,Parikh
2722,Prakash,Roy
2723,Kavya,Chopra
2724,Nandini,Nair
2725,Rahul,Malhotra
2726,Bhavna,Lamba
2727,Sushma,Srinivasan
2728,Nilesh,Verma
2729,Devraj,Lamba
2730,Suresh,Garg
2731,Omkar,Patil
2732,Disha,Shukla
2733,Nikhil,Jindal
2734,Sushma,Chavan
2735,Rashid,Banerjee
2736,Santosh,Khurana
2737,Aisha,Parekh
2738,Vikram,Chavan
2739,Shweta,Verma
2740,Hitesh,Saxena
2741,Harish,Bahl
2742,Suresh,Upadhyay
2743,Rahul,Khanna
2744,Aarti,Vohra
2745,Riya,Parikh
2746,Isha,Mittal
2747,Isha,Kulkarni
2748,Xavier,Agarwal
2749,Dhruv,Chadha
2750,Aarav,Chopra
2751,Zara,Venkat
2752,Isha,Dixit
2753,Mala,Menon
2754,Rajesh,Dalal
2755,Pranav,Chavan
2756,Zara,Kumar
2757,Meera,Chopra
2758,Lata,Kadam
2759,Sanjay,Goyal
2760,Pradeep,Mishra
2761,Aarav,Grover
2762,Usha,Grover
2763,Lakshmi,Deshpande
2764,Nalini,Nair
2765,Ananya,Pillai
2766,Salim,Juneja
2767,Prashant,Jain
2768,Elan,Qureshi
2769,Aarav,Shukla
2770,Priya,Patel
2771,Sanjay,Saxena
2772,Jagdish,Lamba
2773,Krishnan,Subramaniam
2774,Rajesh,Chopra
2775,Mala,Agarwal
2776,Amit,Madan
2777,Rakesh,Nair
2778,Vinita,Tandon
2779,Shivam,Subramaniam
2780,Krishnan,Chopra
2781,Girish,Jindal
2782,Shivam,Malhotra
2783,Pradeep,Pahwa
2784,Yash,Dubey
2785,Mala,Hora
2786,Umar,Shinde
2787,Rashid,Grover
2788,Mahesh,Shah
2789,Qasim,Patel
2790,Pranav,Kadam
2791,Vikram,Parikh
2792,Abhi,Dalal
2793,Usha,Pillai
2794,Ravi,Kumar
2795,Aditya,Pandey
2796,Varun,Vohra
2797,Nilesh,Naidu
2798,Mahesh,Banerjee
2799,Devraj,Chatterjee
2800,Mala,Bahl
2801,Falak,Mukherjee
2802,Krishnan,Verma
2803,Pavan,Anand
2804,Ananya,Pillai
2805,Tariq,Singh
2806,Chetan,Dubey
2807,Suresh,Patil
2808,Xavier,Madan
2809,Gayatri,Dalal
2810,Devraj,Kulkarni
2811,Pooja,Bose
2812,Farhan,Bahl
2813,Kiran,Verma
2814,Falak,Juneja
2815,Aryan,Upadhyay
2816,Prashant,Banerjee
2817,Tanvi,Srinivasan
2818,Nalini,Dubey
2819,Pavan,Garg
2820,Sneha,Juneja
2821,Salim,Mane
2822,Ravi,Singh
2823,Shweta,Dalal
2824,Pranav,Chavan
2825,Xavier,Pawar
2826,Lakshmi,Tiwari
2827,Usha,Qureshi
2828,Disha,Sharma
2829,Tariq,Chandra
2830,Ramesh,Khurana
2831,Krishnan,Upadhyay
2832,Deepak,Vohra
2833,Esha,Bajpai
2834,Gopal,Sethi
2835,Rakesh,Madan
2836,Girish,Swamy
2837,Meera,Desai
2838,Wasim,Srivastava
2839,Suresh,Shah
2840,Isha,Oberoi
2841,Divya,Chatterjee
2842,Ravi,Krishnan
2843,Sanjay,Rastogi
2844,Jagdish,Issar
2845,Pradeep,Balaji
2846,Vimal,Reddy
2847,Vikram,Venkat
2848,Varun,Bhosale
2849,Rashid,Sethi
2850,Aarav,Pawar
2851,Hitesh,Verma
2852,Hitesh,Iyer
2853,Gayatri,Verma
2854,Disha,Naidu
2855,Ravi,Khanna
2856,Indira,Das
2857,Kiran,Balaji
2858,Esha,Nagpal
2859,Rohit,Mittal
2860,Rahul,Gupta
2861,Hema,Bhatt
2862,Vimal,Das
2863,Sneha,Sethi
2864,Shivam,Vohra
2865,Umar,Zutshi
2866,Nilesh,Sharma
2867,Mahesh,Chopra
2868,Anand,Jindal
2869,Umar,Bhatia
2870,Radha,Roy
2871,Vidya,Madan
2872,Indira,Mittal
2873,Sneha,Khurana
2874,Lata,Parekh
2875,Usha,Mehta
2876,Priya,Deshpande
2877,Chetan,Dubey
2878,Krishnan,Yadav
2879,Harish,Saxena
2880,Prakash,Nambiar
2881,Shweta,Jain
2882,Geeta,Singh
2883,Sanjay,Pawar
2884,Vinita,Kulkarni
2885,Harish,Natarajan
2886,Shweta,Pahwa
2887,Gopal,Jain
2888,Harish,Issar
2889,Aisha,Pahwa
2890,Indira,Das
2891,Hemant,Tandon
2892,Elan,Mukherjee
2893,Nilesh,Trivedi
2894,Vidya,Bajpai
2895,Aryan,Gupta
2896,Pradeep,Yadav
2897,Manish,Nair
2898,Santosh,Upadhyay
2899,Qasim,Mishra
2900,Sneha,Oberoi
2901,Krishnan,Shinde
2902,Mahesh,Kapoor
2903,Wasim,Khanna
2904,Amit,Walia
2905,Devraj,Saxena
2906,Shweta,Yadav
2907,Anjali,Rao
2908,Pradeep,Banerjee
2909,Kamala,Singh
2910,Chetan,Swamy
2911,Sanjay,Dwivedi
2912,Esha,Nair
2913,Dhruv,Chopra
2914,Aditya,Venkat
2915,Yash,Chandra
2916,Aditya,Bajpai
2917,Sunita,Jain
2918,Rajesh,Grover
2919,Falak,Modi
2920,Aarav,Kapoor
2921,Prashant,Khanna
2922,Anjali,Pandey
2923,Sanjay,Sen
2924,Neha,Hora
2925,Prashant,Sethi
2926,Gopal,Pandey
2927,Gopal,Sharma
2928,Hitesh,Modi
2929,Xavier,Patil
2930,Deepak,Upadhyay
2931,Divya,Dwivedi
2932,Mahesh,Nair
2933,Geeta,Iyer
2934,Nikhil,Chadha
2935,Usha,Shah
2936,Hema,Yadav
2937,Ananya,Pandey
2938,Disha,Walia
2939,Ananya,Patil
2940,Naveen,Srinivasan
2941,Pooja,Kulkarni
2942,Divya,Saxena
2943,Riya,Nagpal
2944,Manish,Pawar
2945,Aditya,Walia
2946,Rakesh,Dhawan
2947,Meera,Parekh
2948,Tanvi,Jain
2949,Devraj,Rao
2950,Falak,Dixit
2951,Varun,Qureshi
2952,Vanita,Vohra
2953,Pradeep,Agarwal
2954,Hemant,Chopra
2955,Divya,Jain
2956,Sachin,Dixit
2957,Hitesh,Srinivasan
2958,Tanvi,Tripathi
2959,Kavya,Natarajan
2960,Hema,Venkat
2961,Rajesh,Venkat
2962,Kiran,Kulkarni
2963,Nandini,Mukherjee
2964,Abhi,Sen
2965,Hemant,Desai
2966,Nandini,Grover
2967,Arjun,Parikh
2968,Krishnan,Jadhav
2969,Aditya,Singh
2970,Prakash,Bose
2971,Sachin,Natarajan
2972,Qasim,Issar
2973,Mala,Zutshi
2974,Lakshmi,Gupta
2975,Rahul,Jain
2976,Santosh,Chandra
2977,Nilesh,Dalal
2978,Kiran,Banerjee
2979,Tariq,Qureshi
2980,Wasim,Zutshi
2981,Anand,Subramaniam
2982,Usha,Parekh
2983,Gaurav,Nagpal
2984,Sushma,Pawar
2985,Deepa,Mane
2986,Riya,Murthy
2987,Anand,Khanna
2988,Suresh,Balaji
2989,Hitesh,Chavan
2990,Kavya,Krishnan
2991,Suresh,Menon
2992,Neha,Upadhyay
2993,Usha,Balaji
2994,Gaurav,Tandon
2995,Kamala,Das
2996,Gaurav,Patil
2997,Girish,Naidu
2998,Farhan,Khanna
2999,Santosh,Yadav
3000,Falak,Roy
3001,Kavya,Rastogi
3002,Shweta,Dixit
3003,Dhruv,Issar
3004,Divya,Rao
3005,Abhi,Nambiar
3006,Deepa,Patel
3007,Disha,Madan
3008,Amit,Pawar
3009,Gaurav,Singh
3010,Priya,Tandon
3011,Gopal,Krishnan
3012,Pavan,Bhosale
3013,Kiran,Dwivedi
3014,Nilesh,Grover
3015,Sushma,Shukla
3016,Umar,Singh
3017,Aarav,Pahwa
3018,Vinita,Singh
3019,Vikram,Pawar
3020,Kiran,Sinha
3021,Girish,Kulkarni
3022,Shweta,Sen
3023,Divya,Oberoi
3024,Kiran,Mittal
3025,Nilesh,Shukla
3026,Pavan,Natarajan
3027,Lata,Tiwari
3028,Nandini,Khanna
3029,Indira,Jadhav
3030,Prakash,Mane
3031,Radha,Rastogi
3032,Anand,Malhotra
3033,Vanita,Bose
3034,Aditya,Chatterjee
3035,Tariq,Bhosale
3036,Chetan,Juneja
3037,Geeta,Trivedi
3038,Sneha,Kumar
3039,Chetan,Deshpande
3040,Nilesh,Swamy
3041,Omkar,Parikh
3042,Disha,Shukla
3043,Anjali,Bhatia
3044,Rashid,Yadav
3045,Rajesh,Mishra
3046,Mohan,Walia
3047,Shweta,Parikh
3048,Xavier,Khurana
3049,Umar,Verma
3050,Lata,Modi
3051,Anushka,Chopra
3052,Nikhil,Chatterjee
3053,Santosh,Chavan
3054,Priya,Verma
3055,Suresh,Parikh
3056,Hemant,Verma
3057,Gopal,Pandey
3058,Bharat,Shukla
3059,Mohan,Sethi
3060,Abhi,Bhatia
3061,Zara,Jadhav
3062,Hitesh,Jain
3063,Sachin,Anand
3064,Akash,Tiwari
3065,Dhruv,Iyer
3066,Pradeep,Sinha
3067,Ramesh,Verma
3068,Ananya,Shinde
3069,Jaya,Shukla
3070,Sneha,Parekh
3071,Mohan,Vohra
3072,Girish,Gupta
3073,Devraj,Chatterjee
3074,Gayatri,Subramaniam
3075,Chitra,Sinha
3076,Pooja,Venkat
3077,Meera,Parikh
3078,Esha,Chadha
3079,Usha,Tripathi
3080,Vikram,Modi
3081,Mahesh,Nair
3082,Omkar,Banerjee
3083,Geeta,Lamba
3084,Tariq,Upadhyay
3085,Pavan,Balaji
3086,Usha,Shukla
3087,Prashant,Krishnan
3088,Aditya,Lamba
3089,Rahul,Malhotra
3090,Jaya,Dhawan
3091,Sunita,Jadhav
3092,Prakash,Tiwari
3093,Varun,Modi
3094,Umar,Krishnan
3095,Hemant,Goyal
3096,Falak,Roy
3097,Abhi,Murthy
3098,Anushka,Rajan
3099,Geeta,Madan
3100,Nikhil,Malhotra
3101,Nikhil,Rastogi
3102,Anjali,Shah
3103,Arjun,Sharma
3104,Meera,Modi
3105,Arjun,Jadhav
3106,Suresh,Khurana
3107,Naveen,Upadhyay
3108,Priya,Kadam
3109,Lakshmi,Parikh
3110,Amit,Lamba
3111,Anushka,Chavan
3112,Shivam,Sinha
3113,Hitesh,Chandra
3114,Aarav,Khurana
3115,Aarav,Mishra
3116,Deepak,Chatterjee
3117,Sanjay,Mittal
3118,Priya,Tripathi
3119,Ananya,Trivedi
3120,Anjali,Mukherjee
3121,Aarti,Kapoor
3122,Hitesh,Mehta
3123,Abhi,Pawar
3124,Indira,Rastogi
3125,Devraj,Chatterjee
3126,Santosh,Yadav
3127,Pradeep,Tripathi
3128,Abhi,Gupta
3129,Umar,Chandra
3130,Zara,Malhotra
3131,Hemant,Sinha
3132,Lata,Pawar
3133,Divya,Qureshi
3134,Vinita,Zutshi
3135,Lakshmi,Kulkarni
3136,Vinita,Jain
3137,Aditya,Rajan
3138,Sachin,Sethi
3139,Umar,Chandra
3140,Santosh,Goyal
3141,Gaurav,Modi
3142,Salim,Patil
3143,Gayatri,Mukherjee
3144,Divya,Vohra
3145,Aditya,Sinha
3146,Naveen,Naidu
3147,Abhi,Nagpal
3148,Umar,Joshi
3149,Bhavna,Krishnan
3150,Dinesh,Zutshi
3151,Sunita,Pillai
3152,Nikhil,Naidu
3153,Gayatri,Tiwari
3154,Bharat,Grover
3155,Deepak,Chadha
3156,Aditya,Sinha
3157,Mahesh,Nair
3158,Disha,Modi
3159,Wasim,Swamy
3160,Mala,Banerjee
3161,Ramesh,Bhatia
3162,Kiran,Lamba
3163,Amit,Juneja
3164,Sushma,Venkat
3165,Usha,Parekh
3166,Sachin,Mukherjee
3167,Yash,Roy
3168,Amit,Garg
3169,Usha,Bose
3170,Amit,Dubey
3171,Disha,Dixit
3172,Umar,Shinde
3173,Sunita,Vohra
3174,Tariq,Sethi
3175,Aditya,Grover
3176,Devraj,Das
3177,Wasim,Khurana
3178,Wasim,Sethi
3179,Vimal,Dhawan
3180,Gopal,Modi
3181,Manish,Pahwa
3182,Vikram,Natarajan
3183,Aryan,Murthy
3184,Sneha,Patel
3185,Usha,Bose
3186,Devraj,Verma
3187,Chetan,Kadam
3188,Esha,Dalal
3189,Shivam,Parekh
3190,Sneha,Mishra
3191,Deepak,Mittal
3192,Gopal,Tripathi
3193,Anand,Sen
3194,Rashid,Madan
3195,Kiran,Sinha
3196,Vikram,Rastogi
3197,Rajesh,Patel
3198,Varun,Rastogi
3199,Farhan,Bhatt
3200,Xavier,Yadav
3201,Bhavna,Walia
3202,Pavan,Mane
3203,Umar,Mehta
3204,Prakash,Trivedi
3205,Varun,Naidu
3206,Prashant,Swamy
3207,Harish,Dubey
3208,Zara,Mane
3209,Chitra,Rao
3210,Lakshmi,Trivedi
3211,Aisha,Patil
3212,Falak,Mittal
3213,Sushma,Menon
3214,Farhan,Pandey
3215,Falak,Hora
3216,Rohit,Upadhyay
3217,Rohit,Juneja
3218,Chetan,Roy
3219,Nilesh,Bahl
3220,Tanvi,Nambiar
3221,Yash,Sinha
3222,Chetan,Tiwari
3223,Wasim,Joshi
3224,Gopal,Krishnan
3225,Girish,Hora
3226,Jaya,Hora
3227,Geeta,Khanna
3228,Sneha,Garg
3229,Vanita,Balaji
3230,Tariq,Agarwal
3231,Amit,Khanna
3232,Santosh,Nambiar
3233,Harish,Kapoor
3234,Deepa,Rastogi
3235,Aarti,Upadhyay
3236,Shweta,Chowdhury
3237,Vanita,Bajpai
3238,Shweta,Venkat
3239,Girish,Lamba
3240,Manish,Mishra
3241,Pavan,Agarwal
3242,Sushma,Khurana
3243,Pranav,Goyal
3244,Deepa,Anand
3245,Farhan,Dhawan
3246,Lata,Qureshi
3247,Aarti,Shukla
3248,Usha,Krishnan
3249,Chitra,Tiwari
3250,Geeta,Shinde
3251,Tariq,Sethi
3252,Bharat,Kulkarni
3253,Harish,Tiwari
3254,Vimal,Chavan
3255,Elan,Swamy
3256,Aisha,Banerjee
3257,Anushka,Zutshi
3258,Kamala,Swamy
3259,Usha,Banerjee
3260,Sneha,Saxena
3261,Harish,Chopra
3262,Pranav,Agarwal
3263,Anushka,Chopra
3264,Vinita,Issar
3265,Yash,Modi
3266,Jaya,Issar
3267,Bharat,Venkat
3268,Geeta,Chatterjee
3269,Anand,Hora
3270,Ramesh,Patel
3271,Omkar,Bahl
3272,Rahul,Sethi
3273,Disha,Chavan
3274,Sachin,Nair
3275,Chitra,Khurana
3276,Elan,Kumar
3277,Arjun,Jain
3278,Qasim,Chandra
3279,Omkar,Juneja
3280,Isha,Khanna
3281,Harish,Nagpal
3282,Anand,Menon
3283,Elan,Malhotra
3284,Nalini,Pawar
3285,Manish,Mane
3286,Omkar,Natarajan
3287,Ananya,Dwivedi
3288,Nilesh,Garg
3289,Vimal,Mukherjee
3290,Mala,Nair
3291,Dinesh,Jindal
3292,Indira,Rastogi
3293,Hema,Parekh
3294,Priya,Chavan
3295,Pradeep,Verma
3296,Gopal,Chopra
3297,Dhruv,Vohra
3298,Xavier,Thakkar
3299,Arjun,Zutshi
3300,Salim,Desai
3301,Nandini,Pawar
3302,Akash,Shah
3303,Usha,Kapoor
3304,Qasim,Tandon
3305,Xavier,Patil
3306,Zara,Pillai
3307,Dinesh,Natarajan
3308,Yash,Menon
3309,Gopal,Patil
3310,Prakash,Issar
3311,Sunita,Mittal
3312,Kavya,Shukla
3313,Rashid,Nambiar
3314,Varun,Mane
3315,Zara,Upadhyay
3316,Esha,Sen
3317,Nilesh,Sinha
3318,Mahesh,Rastogi
3319,Radha,Ghosh
3320,Hemant,Tripathi
3321,Hema,Joshi
3322,Arjun,Nambiar
3323,Usha,Ghosh
3324,Aditya,Jain
3325,Sneha,Sethi
3326,Wasim,Goyal
3327,Ramesh,Walia
3328,Anushka,Vohra
3329,Rashid,Mishra
3330,Xavier,Khanna
3331,Aditya,Nagpal
3332,Naveen,Tiwari
3333,Pranav,Chandra
3334,Elan,Mishra
3335,Jagdish,Saxena
3336,Shivam,Verma
3337,Wasim,Reddy
3338,Yash,Roy
3339,Jagdish,Hora
3340,Ananya,Chavan
3341,Sneha,Shinde
3342,Anjali,Sinha
3343,Zara,Das
3344,Nilesh,Krishnan
3345,Prashant,Trivedi
3346,Ananya,Sen
3347,Sneha,Hora
3348,Pranav,Mane
3349,Pradeep,Sethi
3350,Vimal,Natarajan
3351,Jagdish,Chowdhury
3352,Pavan,Khurana
3353,Umar,Mittal
3354,Vikram,Joshi
3355,Nikhil,Sinha
3356,Hema,Pawar
3357,Akash,Sinha
3358,Riya,Murthy
3359,Pavan,Modi
3360,Vanita,Madan
3361,Tariq,Goyal
3362,Esha,Bhosale
3363,Dinesh,Bahl
3364,Jaya,Kumar
3365,Sanjay,Upadhyay
3366,Nandini,Chowdhury
3367,Salim,Juneja
3368,Rajesh,Nair
3369,Ananya,Das
3370,Pavan,Mehta
3371,Hitesh,Sharma
3372,Chitra,Tripathi
3373,Suresh,Roy
3374,Ananya,Rajan
3375,Umar,Yadav
3376,Rajesh,Balaji
3377,Aarti,Sharma
3378,Rashid,Rajan
3379,Isha,Pandey
3380,Dhruv,Tiwari
3381,Aisha,Parikh
3382,Jagdish,Modi
3383,Salim,Parekh
3384,Pradeep,Oberoi
3385,Rohit,Naidu
3386,Yash,Verma
3387,Nalini,Dixit
3388,Shivam,Walia
3389,Esha,Das
3390,Rakesh,Subramaniam
3391,Aditya,Subramaniam
3392,Falak,Nagpal
3393,Lata,Kulkarni
3394,Divya,Srivastava
3395,Manish,Parikh
3396,Sneha,Thakkar
3397,Dinesh,Tandon
3398,Akash,Banerjee
3399,Ravi,Walia
3400,Vinita,Zutshi
3401,Vidya,Krishnan
3402,Usha,Juneja
3403,Hitesh,Dalal
3404,Pooja,Upadhyay
3405,Farhan,Nambiar
3406,Aryan,Reddy
3407,Falak,Mane
3408,Prakash,Pahwa
3409,Abhi,Das
3410,Prakash,Balaji
3411,Kiran,Madan
3412,Sushma,Sinha
3413,Esha,Shinde
3414,Naveen,Chopra
3415,Abhi,Subramaniam
3416,Girish,Natarajan
3417,Umar,Garg
3418,Riya,Tandon
3419,Indira,Joshi
3420,Suresh,Hora
3421,Nalini,Sen
3422,Mohan,Bajpai
3423,Anjali,Rajan
3424,Esha,Dalal
3425,Rohit,Thakkar
3426,Priya,Sen
3427,Zara,Chowdhury
3428,Amit,Thakkar
3429,Nandini,Upadhyay
3430,Ravi,Upadhyay
3431,Rakesh,Deshpande
3432,Rahul,Nambiar
3433,Mala,Rajan
3434,Dinesh,Rao
3435,Harish,Nambiar
3436,Gayatri,Pandey
3437,Aarav,Shukla
3438,Meera,Dwivedi
3439,Anushka,Chatterjee
3440,Riya,Juneja
3441,Esha,Murthy
3442,Rahul,Swamy
3443,Pooja,Dubey
3444,Ananya,Kulkarni
3445,Aarti,Subramaniam
3446,Tanvi,Shinde
3447,Kavya,Anand
3448,Mahesh,Venkat
3449,Prashant,Bhatia
3450,Prashant,Chavan
3451,Isha,Bahl
3452,Rajesh,Jain
3453,Rashid,Chandra
3454,Indira,Iyer
3455,Rakesh,Lamba
3456,Dinesh,Khurana
3457,Sushma,Oberoi
3458,Neha,Bhatt
3459,Chetan,Patil
3460,Mohan,Bhatia
3461,Pranav,Dixit
3462,Jaya,Zutshi
3463,Hema,Venkat
3464,Neha,Shah
3465,Pooja,Modi
3466,Mahesh,Saxena
3467,Rohit,Dhawan
3468,Rakesh,Bhatt
3469,Mahesh,Bajpai
3470,Gayatri,Tandon
3471,Lata,Ghosh
3472,Falak,Yadav
3473,Sunita,Sharma
3474,Elan,Venkat
3475,Suresh,Das
3476,Dinesh,Tiwari
3477,Tanvi,Dwivedi
3478,Varun,Dubey
3479,Radha,Pawar
3480,Tanvi,Dalal
3481,Hitesh,Trivedi
3482,Riya,Dalal
3483,Isha,Rao
3484,Akash,Upadhyay
3485,Umar,Sinha
3486,Gayatri,Iyer
3487,Elan,Roy
3488,Dhruv,Jadhav
3489,Rohit,Balaji
3490,Nalini,Goyal
3491,Krishnan,Joshi
3492,Kamala,Balaji
3493,Rohit,Shukla
3494,Sushma,Khanna
3495,Dinesh,Tiwari
3496,Yash,Krishnan
3497,Kiran,Saxena
3498,Abhi,Chavan
3499,Harish,Desai
3500,Abhi,Chadha
3501,Tanvi,Nambiar
3502,Devraj,Dalal
3503,Abhi,Pandey
3504,Rashid,Chavan
3505,Xavier,Garg
3506,Aarav,Yadav
3507,Manish,Jindal
3508,Aisha,Sharma
3509,Meera,Chadha
3510,Aisha,Rastogi
3511,Isha,Nagpal
3512,Divya,Nair
3513,Farhan,Joshi
3514,Bharat,Murthy
3515,Kavya,Juneja
3516,Mala,Parekh
3517,Deepak,Balaji
3518,Anushka,Agarwal
3519,Mala,Jadhav
3520,Chitra,Vohra
3521,Anushka,Mukherjee
3522,Divya,Goyal
3523,Girish,Bose
3524,Varun,Anand
3525,Vimal,Chadha
3526,Ananya,Sharma
3527,Priya,Madan
3528,Shivam,Kumar
3529,Meera,Tandon
3530,Neha,Zutshi
3531,Gaurav,Reddy
3532,Tanvi,Jain
3533,Devraj,Dalal
3534,Esha,Krishnan
3535,Umar,Shinde
3536,Pranav,Bhosale
3537,Pavan,Tripathi
3538,Lakshmi,Hora
3539,Vinita,Banerjee
3540,Zara,Chatterjee
3541,Tariq,Khurana
3542,Tariq,Vohra
3543,Anjali,Chowdhury
3544,Vinita,Srivastava
3545,Sneha,Kumar
3546,Krishnan,Subramaniam
3547,Rashid,Patil
3548,Sanjay,Roy
3549,Gaurav,Dubey
3550,Pavan,Kapoor
3551,Mohan,Vohra
3552,Akash,Thakkar
3553,Wasim,Chopra
3554,Salim,Bajpai
3555,Elan,Srinivasan
3556,Deepa,Subramaniam
3557,Jagdish,Patil
3558,Yash,Qureshi
3559,Manish,Chadha
3560,Deepak,Pawar
3561,Mahesh,Mane
3562,Isha,Pahwa
3563,Aarti,Qureshi
3564,Sachin,Krishnan
3565,Elan,Roy
3566,Disha,Agarwal
3567,Omkar,Anand
3568,Zara,Sharma
3569,Prashant,Madan
3570,Vinita,Yadav
3571,Lakshmi,Mehta
3572,Aarav,Saxena
3573,Suresh,Shinde
3574,Esha,Rajan
3575,Bhavna,Agarwal
3576,Farhan,Vohra
3577,Girish,Zutshi
3578,Bhavna,Tandon
3579,Mala,Srivastava
3580,Vikram,Dalal
3581,Tariq,Verma
3582,Sushma,Khanna
3583,Gopal,Yadav
3584,Hemant,Bajpai
3585,Krishnan,Rastogi
3586,Harish,Mukherjee
3587,Chetan,Goyal
3588,Arjun,Reddy
3589,Nalini,Menon
3590,Devraj,Goyal
3591,Jaya,Upadhyay
3592,Manish,Tiwari
3593,Rakesh,Dhawan
3594,Suresh,Juneja
3595,Arjun,Das
3596,Dinesh,Tiwari
3597,Varun,Roy
3598,Ramesh,Trivedi
3599,Jaya,Dhawan
3600,Qasim,Naidu
3601,Rohit,Bahl
3602,Divya,Srivastava
3603,Aisha,Garg
3604,Elan,Vohra
3605,Nilesh,Chatterjee
3606,Indira,Chandra
3607,Umar,Shinde
3608,Mohan,Kumar
3609,Yash,Pandey
3610,Amit,Srivastava
3611,Kavya,Dhawan
3612,Bharat,Bose
3613,Sunita,Bhatt
3614,Sunita,Zutshi
3615,Tariq,Joshi
3616,Ramesh,Chowdhury
3617,Kavya,Patil
3618,Hema,Singh
3619,Kamala,Banerjee
3620,Dinesh,Kumar
3621,Farhan,Trivedi
3622,Bharat,Patel
3623,Neha,Pahwa
3624,Anushka,Ghosh
3625,Nilesh,Dwivedi
3626,Hemant,Bose
3627,Zara,Jindal
3628,Varun,Lamba
3629,Santosh,Mukherjee
3630,Devraj,Bose
3631,Disha,Mukherjee
3632,Devraj,Parikh
3633,Mohan,Jadhav
3634,Sunita,Madan
3635,Santosh,Anand
3636,Riya,Shukla
3637,Xavier,Murthy
3638,Jaya,Shah
3639,Aryan,Tiwari
3640,Vinita,Swamy
3641,Santosh,Madan
3642,Aditya,Malhotra
3643,Nalini,Vohra
3644,Neha,Trivedi
3645,Anjali,Dwivedi
3646,Krishnan,Agarwal
3647,Nalini,Murthy
3648,Nilesh,Sharma
3649,Lata,Patel
3650,Geeta,Chowdhury
3651,Aisha,Jindal
3652,Aarti,Deshpande
3653,Krishnan,Nair
3654,Rohit,Jadhav
3655,Riya,Nambiar
3656,Akash,Modi
3657,Rohit,Krishnan
3658,Xavier,Bhosale
3659,Chetan,Kapoor
3660,Devraj,Issar
3661,Gaurav,Tandon
3662,Pranav,Sharma
3663,Lata,Agarwal
3664,Xavier,Iyer
3665,Hitesh,Reddy
3666,Dinesh,Das
3667,Rashid,Saxena
3668,Rashid,Mittal
3669,Nilesh,Bhatt
3670,Santosh,Chowdhury
3671,Manish,Chandra
3672,Usha,Dixit
3673,Manish,Roy
3674,Chitra,Iyer
3675,Nikhil,Srivastava
3676,Rajesh,Jain
3677,Akash,Issar
3678,Prashant,Zutshi
3679,Nikhil,Srivastava
3680,Aryan,Agarwal
3681,Kamala,Garg
3682,Indira,Dwivedi
3683,Aarav,Dubey
3684,Santosh,Pahwa
3685,Tanvi,Rastogi
3686,Pradeep,Patel
3687,Deepak,Srivastava
3688,Umar,Srinivasan
3689,Lakshmi,Subramaniam
3690,Nalini,Kadam
3691,Girish,Venkat
3692,Devraj,Menon
3693,Nalini,Bhatia
3694,Bhavna,Chandra
3695,Gayatri,Tandon
3696,Santosh,Kapoor
3697,Abhi,Grover
3698,Usha,Khurana
3699,Omkar,Chandra
3700,Vinita,Chowdhury
3701,Prashant,Thakkar
3702,Lata,Nagpal
3703,Rakesh,Mukherjee
3704,Vinita,Tandon
3705,Deepak,Sharma
3706,Shweta,Jadhav
3707,Deepa,Shukla
3708,Prakash,Vohra
3709,Sachin,Mehta
3710,Hitesh,Mishra
3711,Rakesh,Dubey
3712,Mohan,Dubey
3713,Varun,Anand
3714,Arjun,Tandon
3715,Xavier,Jadhav
3716,Esha,Hora
3717,Hema,Kapoor
3718,Hemant,Chandra
3719,Nandini,Joshi
3720,Nandini,Natarajan
3721,Varun,Singh
3722,Sneha,Venkat
3723,Kavya,Shukla
3724,Sanjay,Menon
3725,Bhavna,Sen
3726,Kavya,Bhosale
3727,Sanjay,Grover
3728,Anjali,Madan
3729,Wasim,Grover
3730,Disha,Agarwal
3731,Elan,Trivedi
3732,Jaya,Bhatia
3733,Gopal,Upadhyay
3734,Anushka,Parekh
3735,Vanita,Lamba
3736,Usha,Chopra
3737,Ravi,Natarajan
3738,Priya,Shukla
3739,Kamala,Venkat
3740,Ramesh,Nair
3741,Riya,Natarajan
3742,Pradeep,Garg
3743,Isha,Nambiar
3744,Dhruv,Rajan
3745,Gopal,Naidu
3746,Riya,Srivastava
3747,Shivam,Rajan
3748,Kavya,Chopra
3749,Vikram,Agarwal
3750,Divya,Goyal
3751,Tariq,Rastogi
3752,Tariq,Mishra
3753,Tanvi,Malhotra
3754,Aarti,Mehta
3755,Kavya,Walia
3756,Anand,Malhotra
3757,Rakesh,Agarwal
3758,Gopal,Balaji
3759,Tariq,Oberoi
3760,Vimal,Sharma
3761,Manish,Rao
3762,Akash,Nagpal
3763,Pradeep,Jain
3764,Nalini,Oberoi
3765,Pavan,Dalal
3766,Chitra,Grover
3767,Amit,Madan
3768,Gayatri,Juneja
3769,Tanvi,Menon
3770,Zara,Murthy
3771,Prakash,Shinde
3772,Riya,Nambiar
3773,Vidya,Krishnan
3774,Hema,Yadav
3775,Naveen,Garg
3776,Ananya,Walia
3777,Gaurav,Pillai
3778,Dhruv,Nagpal
3779,Zara,Bahl
3780,Deepa,Lamba
3781,Disha,Venkat
3782,Bharat,Modi
3783,Vimal,Walia
3784,Mohan,Bahl
3785,Aarav,Srivastava
3786,Riya,Joshi
3787,Hemant,Rao
3788,Farhan,Tripathi
3789,Tariq,Desai
3790,Tanvi,Garg
3791,Divya,Mane
3792,Hemant,Pillai
3793,Hemant,Oberoi
3794,Prashant,Jain
3795,Jaya,Juneja
3796,Farhan,Swamy
3797,Aditya,Jain
3798,Santosh,Kumar
3799,Jaya,Hora
3800,Aditya,Kulkarni
3801,Farhan,Mane
3802,Manish,Srinivasan
3803,Deepak,Rastogi
3804,Kiran,Anand
3805,Aarav,Chatterjee
3806,Ravi,Rastogi
3807,Qasim,Dalal
3808,Indira,Chadha
3809,Rakesh,Malhotra
3810,Aisha,Krishnan
3811,Harish,Nambiar
3812,Deepa,Murthy
3813,Sushma,Bahl
3814,Usha,Pawar
3815,Bharat,Murthy
3816,Salim,Khanna
3817,Vinita,Swamy
3818,Divya,Mittal
3819,Pooja,Goyal
3820,Divya,Dixit
3821,Aarti,Zutshi
3822,Gayatri,Dalal
3823,Nandini,Jindal
3824,Falak,Nagpal
3825,Sunita,Chopra
3826,Gaurav,Jindal
3827,Deepak,Kadam
3828,Chitra,Patil
3829,Divya,Chopra
3830,Krishnan,Hora
3831,Manish,Mukherjee
3832,Kamala,Tandon
3833,Dhruv,Mane
3834,Harish,Joshi
3835,Aryan,Juneja
3836,Riya,Dalal
3837,Chitra,Yadav
3838,Esha,Bose
3839,Disha,Hora
3840,Sanjay,Shinde
3841,Farhan,Venkat
3842,Krishnan,Sharma
3843,Tariq,Mukherjee
3844,Qasim,Iyer
3845,Prakash,Shinde
3846,Gopal,Pahwa
3847,Pranav,Nagpal
3848,Sneha,Chavan
3849,Prakash,Swamy
3850,Naveen,Jindal
3851,Kiran,Sethi
3852,Gopal,Pahwa
3853,Priya,Zutshi
3854,Dhruv,Modi
3855,Disha,Chatterjee
3856,Naveen,Joshi
3857,Umar,Srivastava
3858,Vanita,Bhosale
3859,Elan,Juneja
3860,Shivam,Grover
3861,Ramesh,Dhawan
3862,Usha,Jain
3863,Indira,Sharma
3864,Neha,Naidu
3865,Elan,Menon
3866,Dinesh,Rastogi
3867,Anjali,Thakkar
3868,Anushka,Roy
3869,Prashant,Pandey
3870,Deepak,Sharma
3871,Anand,Lamba
3872,Vikram,Mittal
3873,Aryan,Walia
3874,Pooja,Trivedi
3875,Farhan,Agarwal
3876,Amit,Menon
3877,Rajesh,Bhatt
3878,Arjun,Dalal
3879,Mahesh,Khanna
3880,Pradeep,Chatterjee
3881,Prakash,Madan
3882,Disha,Patil
3883,Xavier,Dwivedi
3884,Xavier,Deshpande
3885,Aarti,Sinha
3886,Jagdish,Srivastava
3887,Pranav,Kadam
3888,Qasim,Vohra
3889,Harish,Roy
3890,Usha,Saxena
3891,Falak,Swamy
3892,Kavya,Tripathi
3893,Bhavna,Lamba
3894,Nandini,Dubey
3895,Meera,Shinde
3896,Amit,Modi
3897,Nandini,Goyal
3898,Mahesh,Tiwari
3899,Qasim,Patel
3900,Amit,Hora
3901,Farhan,Thakkar
3902,Ramesh,Kulkarni
3903,Neha,Dhawan
3904,Mala,Tandon
3905,Elan,Jindal
3906,Chitra,Dalal
3907,Chitra,Chavan
3908,Anand,Bajpai
3909,Kamala,Jindal
3910,Jaya,Gupta
3911,Aarti,Kapoor
3912,Ravi,Deshpande
3913,Devraj,Khanna
3914,Varun,Oberoi
3915,Anushka,Kadam
3916,Esha,Gupta
3917,Divya,Rao
3918,Gayatri,Hora
3919,Zara,Sen
3920,Divya,Nambiar
3921,Usha,Tiwari
3922,Radha,Issar
3923,Deepak,Mane
3924,Chitra,Srinivasan
3925,Bhavna,Parikh
3926,Meera,Chavan
3927,Pooja,Parekh
3928,Ananya,Jadhav
3929,Anjali,Bahl
3930,Tariq,Reddy
3931,Gaurav,Nair
3932,Bharat,Balaji
3933,Naveen,Iyer
3934,Jaya,Rajan
3935,Suresh,Desai
3936,Manish,Srinivasan
3937,Rakesh,Naidu
3938,Shivam,Mehta
3939,Varun,Swamy
3940,Falak,Tiwari
3941,Divya,Srinivasan
3942,Sanjay,Kapoor
3943,Ramesh,Dubey
3944,Zara,Venkat
3945,Nilesh,Kapoor
3946,Gayatri,Bhatia
3947,Rahul,Balaji
3948,Jaya,Oberoi
3949,Xavier,Khurana
3950,Akash,Sinha
3951,Pooja,Garg
3952,Mahesh,Khurana
3953,Harish,Dubey
3954,Nandini,Naidu
3955,Omkar,Thakkar
3956,Lata,Sinha
3957,Sneha,Pillai
3958,Prakash,Sethi
3959,Aisha,Dwivedi
3960,Disha,Saxena
3961,Deepa,Walia
3962,Disha,Iyer
3963,Girish,Joshi
3964,Aisha,Bhosale
3965,Farhan,Jain
3966,Prakash,Desai
3967,Pooja,Kadam
3968,Sunita,Pahwa
3969,Nandini,Sharma
3970,Sneha,Bahl
3971,Divya,Goyal
3972,Xavier,Khanna
3973,Vimal,Jadhav
3974,Pradeep,Malhotra
3975,Elan,Mukherjee
3976,Anand,Anand
3977,Bhavna,Singh
3978,Tanvi,Shinde
3979,Gayatri,Mittal
3980,Anand,Chadha
3981,Sanjay,Pawar
3982,Anushka,Chavan
3983,Dinesh,Modi
3984,Sanjay,Mane
3985,Mahesh,Shinde
3986,Aisha,Das
3987,Rakesh,Sharma
3988,Tanvi,Bajpai
3989,Chetan,Chowdhury
3990,Pradeep,Grover
3991,Rohit,Iyer
3992,Rakesh,Parikh
3993,Nilesh,Deshpande
3994,Vikram,Das
3995,Abhi,Jadhav
3996,Rohit,Trivedi
3997,Vidya,Issar
3998,Isha,Krishnan
3999,Kavya,Chavan
4000,Nilesh,Joshi
4001,Chetan,Chowdhury
4002,Rahul,Balaji
4003,Naveen,Saxena
4004,Kamala,Pillai
4005,Deepak,Joshi
4006,Kamala,Reddy
4007,Usha,Mittal
4008,Neha,Bose
4009,Kiran,Kadam
4010,Sachin,Bhatt
4011,Hitesh,Issar
4012,Vidya,Pahwa
4013,Kavya,Subramaniam
4014,Ananya,Srivastava
4015,Shweta,Tripathi
4016,Rakesh,Nambiar
4017,Chetan,Tiwari
4018,Manish,Bhatia
4019,Vimal,Jindal
4020,Sachin,Pillai
4021,Sushma,Agarwal
4022,Vanita,Walia
4023,Ravi,Balaji
4024,Gaurav,Khanna
4025,Manish,Joshi
4026,Hitesh,Jindal
4027,Zara,Mane
4028,Devraj,Nagpal
4029,Anjali,Mittal
4030,Ananya,Pawar
4031,Nikhil,Kadam
4032,Tariq,Shinde
4033,Vikram,Chandra
4034,Varun,Sen
4035,Gayatri,Chavan
4036,Pranav,Desai
4037,Chitra,Oberoi
4038,Jaya,Mukherjee
4039,Jaya,Rajan
4040,Radha,Joshi
4041,Rahul,Pillai
4042,Riya,Dalal
4043,Abhi,Dhawan
4044,Disha,Trivedi
4045,Rashid,Shukla
4046,Anushka,Jain
4047,Gayatri,Chadha
4048,Jaya,Chandra
4049,Qasim,Kapoor
4050,Ravi,Nagpal
4051,Arjun,Agarwal
4052,Prakash,Nambiar
4053,Neha,Srinivasan
4054,Usha,Bhosale
4055,Salim,Chatterjee
4056,Bhavna,Zutshi
4057,Neha,Banerjee
4058,Shweta,Juneja
4059,Ramesh,Reddy
4060,Rohit,Yadav
4061,Omkar,Tripathi
4062,Divya,Verma
4063,Sachin,Krishnan
4064,Pooja,Shah
4065,Girish,Bhatt
4066,Bharat,Sethi
4067,Chetan,Thakkar
4068,Kiran,Chatterjee
4069,Devraj,Bhatia
4070,Disha,Kulkarni
4071,Vikram,Desai
4072,Naveen,Reddy
4073,Falak,Bose
4074,Suresh,Deshpande
4075,Rashid,Agarwal
4076,Zara,Lamba
4077,Lata,Modi
4078,Sanjay,Sharma
4079,Falak,Agarwal
4080,Gayatri,Dalal
4081,Rajesh,Parekh
4082,Dinesh,Shinde
4083,Sachin,Kumar
4084,Naveen,Menon
4085,Pooja,Bhosale
4086,Ramesh,Upadhyay
4087,Shweta,Subramaniam
4088,Deepa,Saxena
4089,Suresh,Nair
4090,Anjali,Natarajan
4091,Jagdish,Roy
4092,Arjun,Goyal
4093,Tariq,Kapoor
4094,Rashid,Sharma
4095,Nikhil,Mukherjee
4096,Sachin,Chowdhury
4097,Lakshmi,Rao
4098,Gaurav,Goyal
4099,Geeta,Bhosale
4100,Elan,Khurana
4101,Pranav,Mane
4102,Jagdish,Malhotra
4103,Nilesh,Upadhyay
4104,Prashant,Jain
4105,Falak,Mittal
4106,Ravi,Bose
4107,Ravi,Rajan
4108,Prashant,Anand
4109,Aryan,Chopra
4110,Ananya,Anand
4111,Devraj,Desai
4112,Disha,Khanna
4113,Devraj,Shukla
4114,Anand,Chadha
4115,Divya,Zutshi
4116,Anjali,Iyer
4117,Aarav,Nambiar
4118,Gopal,Rajan
4119,Meera,Lamba
4120,Elan,Natarajan
4121,Esha,Zutshi
4122,Isha,Bajpai
4123,Aarti,Patel
4124,Anjali,Kulkarni
4125,Mala,Chadha
4126,Nalini,Upadhyay
4127,Jagdish,Bahl
4128,Rahul,Srivastava
4129,Kavya,Nambiar
4130,Nandini,Dwivedi
4131,Jagdish,Khurana
4132,Suresh,Dalal
4133,Mahesh,Bhatia
4134,Amit,Mittal
4135,Arjun,Mittal
4136,Nandini,Banerjee
4137,Kavya,Kadam
4138,Radha,Nambiar
4139,Aarav,Sharma
4140,Aarav,Rastogi
4141,Vikram,Malhotra
4142,Nandini,Qureshi
4143,Akash,Modi
4144,Isha,Patel
4145,Riya,Mukherjee
4146,Esha,Modi
4147,Falak,Roy
4148,Riya,Desai
4149,Vinita,Kadam
4150,Divya,Patel
4151,Lata,Shukla
4152,Suresh,Mane
4153,Kavya,Chavan
4154,Bharat,Grover
4155,Vimal,Modi
4156,Esha,Joshi
4157,Riya,Mane
4158,Salim,Pahwa
4159,Nalini,Ghosh
4160,Mahesh,Bhatt
4161,Vikram,Modi
4162,Aryan,Vohra
4163,Farhan,Goyal
4164,Mala,Murthy
4165,Mala,Rao
4166,Varun,Zutshi
4167,Falak,Shinde
4168,Amit,Dubey
4169,Disha,Lamba
4170,Hitesh,Khurana
4171,Hemant,Mittal
4172,Salim,Thakkar
4173,Meera,Jain
4174,Bhavna,Juneja
4175,Hemant,Malhotra
4176,Kavya,Parekh
4177,Gayatri,Desai
4178,Mahesh,Rajan
4179,Neha,Nair
4180,Radha,Lamba
4181,Kavya,Kadam
4182,Shivam,Srinivasan
4183,Ramesh,Balaji
4184,Vikram,Madan
4185,Girish,Jain
4186,Tariq,Khanna
4187,Naveen,Bajpai
4188,Nandini,Patel
4189,Nalini,Chandra
4190,Chetan,Natarajan
4191,Deepak,Swamy
4192,Gaurav,Pahwa
4193,Devraj,Srinivasan
4194,Sunita,Bhatt
4195,Manish,Agarwal
4196,Rakesh,Joshi
4197,Akash,Pillai
4198,Zara,Issar
4199,Vimal,Bhosale
4200,Aisha,Juneja
4201,Umar,Bhatt
4202,Umar,Mittal
4203,Lakshmi,Juneja
4204,Ananya,Grover
4205,Anushka,Malhotra
4206,Suresh,Khanna
4207,Falak,Pandey
4208,Chetan,Nagpal
4209,Vinita,Patel
4210,Aarti,Lamba
4211,Krishnan,Madan
4212,Rakesh,Shinde
4213,Radha,Bhatia
4214,Aditya,Chavan
4215,Harish,Tandon
4216,Girish,Kadam
4217,Anand,Sethi
4218,Kamala,Tandon
4219,Pranav,Reddy
4220,Anjali,Patel
4221,Akash,Desai
4222,Rahul,Khanna
4223,Naveen,Chatterjee
4224,Aarav,Patil
4225,Sunita,Upadhyay
4226,Zara,Rastogi
4227,Manish,Krishnan
4228,Anjali,Subramaniam
4229,Santosh,Bhatia
4230,Dinesh,Verma
4231,Rahul,Iyer
4232,Santosh,Pandey
4233,Rohit,Vohra
4234,Deepa,Menon
4235,Pavan,Srivastava
4236,Radha,Jain
4237,Sunita,Shah
4238,Krishnan,Reddy
4239,Anushka,Chavan
4240,Krishnan,Ghosh
4241,Varun,Hora
4242,Rajesh,Yadav
4243,Umar,Khurana
4244,Vikram,Natarajan
4245,Aarti,Agarwal
4246,Vidya,Issar
4247,Neha,Chadha
4248,Manish,Naidu
4249,Harish,Chowdhury
4250,Isha,Mane
4251,Dinesh,Balaji
4252,Zara,Patel
4253,Lata,Dalal
4254,Dinesh,Gupta
4255,Mahesh,Malhotra
4256,Kiran,Yadav
4257,Neha,Parikh
4258,Naveen,Nambiar
4259,Deepa,Bhosale
4260,Tariq,Naidu
4261,Deepa,Menon
4262,Pranav,Madan
4263,Dhruv,Venkat
4264,Umar,Vohra
4265,Sachin,Walia
4266,Nikhil,Joshi
4267,Kavya,Roy
4268,Priya,Dalal
4269,Girish,Dalal
4270,Isha,Mittal
4271,Elan,Mane
4272,Omkar,Jain
4273,Aditya,Agarwal
4274,Farhan,Mishra
4275,Girish,Agarwal
4276,Mohan,Tandon
4277,Mala,Anand
4278,Mala,Ghosh
4279,Disha,Yadav
4280,Aarti,Issar
4281,Nandini,Bahl
4282,Nilesh,Shah
4283,Elan,Bose
4284,Nilesh,Das
4285,Aditya,Shukla
4286,Chetan,Swamy
4287,Deepa,Das
4288,Nikhil,Dhawan
4289,Aarav,Zutshi
4290,Rajesh,Ghosh
4291,Yash,Verma
4292,Falak,Kumar
4293,Amit,Shinde
4294,Lata,Mishra
4295,Kiran,Roy
4296,Esha,Joshi
4297,Anjali,Saxena
4298,Rajesh,Rao
4299,Prakash,Madan
4300,Hitesh,Parekh
4301,Vanita,Hora
4302,Vikram,Jadhav
4303,Arjun,Verma
4304,Qasim,Venkat
4305,Kamala,Chadha
4306,Nikhil,Tripathi
4307,Deepa,Bhatt
4308,Salim,Sethi
4309,Isha,Nagpal
4310,Akash,Lamba
4311,Sunita,Bahl
4312,Yash,Reddy
4313,Tariq,Reddy
4314,Amit,Balaji
4315,Mohan,Kapoor
4316,Ramesh,Rao
4317,Elan,Agarwal
4318,Gaurav,Dubey
4319,Deepak,Swamy
4320,Aditya,Balaji
4321,Isha,Sen
4322,Jagdish,Zutshi
4323,Chitra,Malhotra
4324,Akash,Balaji
4325,Anushka,Juneja
4326,Vanita,Oberoi
4327,Pooja,Juneja
4328,Anjali,Jadhav
4329,Disha,Walia
4330,Aisha,Bhatia
4331,Santosh,Pahwa
4332,Varun,Juneja
4333,Manish,Anand
4334,Hitesh,Chadha
4335,Vikram,Malhotra
4336,Usha,Bhatt
4337,Rakesh,Roy
4338,Umar,Reddy
4339,Ananya,Parekh
4340,Harish,Yadav
4341,Vimal,Goyal
4342,Salim,Vohra
4343,Devraj,Tandon
4344,Salim,Iyer
4345,Riya,Nambiar
4346,Rashid,Dwivedi
4347,Omkar,Bhatia
4348,Nilesh,Patil
4349,Omkar,Bhatt
4350,Tanvi,Srinivasan
4351,Gayatri,Bhatt
4352,Isha,Pahwa
4353,Radha,Desai
4354,Ramesh,Agarwal
4355,Esha,Murthy
4356,Varun,Dubey
4357,Anand,Chopra
4358,Indira,Kapoor
4359,Aditya,Agarwal
4360,Chetan,Chopra
4361,Amit,Ghosh
4362,Vanita,Shukla
4363,Naveen,Bose
4364,Xavier,Upadhyay
4365,Usha,Roy
4366,Deepak,Mittal
4367,Rakesh,Pawar
4368,Deepa,Malhotra
4369,Jagdish,Shukla
4370,Gaurav,Iyer
4371,Mahesh,Chowdhury
4372,Krishnan,Patil
4373,Disha,Patil
4374,Indira,Bajpai
4375,Amit,Agarwal
4376,Jaya,Singh
4377,Aditya,Naidu
4378,Meera,Dubey
4379,Radha,Mukherjee
4380,Krishnan,Subramaniam
4381,Zara,Bhosale
4382,Devraj,Roy
4383,Nilesh,Anand
4384,Riya,Sethi
4385,Geeta,Shah
4386,Lakshmi,Reddy
4387,Elan,Madan
4388,Pavan,Upadhyay
4389,Deepa,Nambiar
4390,Tanvi,Pawar
4391,Ravi,Ghosh
4392,Vanita,Srinivasan
4393,Varun,Parekh
4394,Jaya,Gupta
4395,Divya,Patil
4396,Aryan,Bhosale
4397,Meera,Kulkarni
4398,Abhi,Tripathi
4399,Gayatri,Pillai
4400,Anjali,Chowdhury
4401,Kavya,Anand
4402,Sachin,Subramaniam
4403,Santosh,Jindal
4404,Ramesh,Sen
4405,Farhan,Pandey
4406,Shweta,Dalal
4407,Dhruv,Grover
4408,Chetan,Das
4409,Usha,Reddy
4410,Kamala,Jindal
4411,Priya,Patil
4412,Naveen,Dalal
4413,Vanita,Balaji
4414,Prakash,Tandon
4415,Divya,Anand
4416,Manish,Sethi
4417,Radha,Sethi
4418,Kavya,Mane
4419,Sneha,Bajpai
4420,Riya,Rastogi
4421,Divya,Kulkarni
4422,Krishnan,Reddy
4423,Bharat,Dwivedi
4424,Qasim,Dhawan
4425,Dinesh,Dubey
4426,Divya,Nagpal
4427,Vimal,Gupta
4428,Chetan,Tandon
4429,Rohit,Kumar
4430,Jagdish,Anand
4431,Gayatri,Shukla
4432,Ravi,Natarajan
4433,Rohit,Sethi
4434,Rohit,Bajpai
4435,Rohit,Jindal
4436,Anand,Sharma
4437,Hemant,Shah
4438,Farhan,Kapoor
4439,Girish,Mane
4440,Anjali,Bajpai
4441,Sunita,Issar
4442,Esha,Bhatia
4443,Disha,Lamba
4444,Nalini,Malhotra
4445,Kavya,Tripathi
4446,Vimal,Sharma
4447,Isha,Verma
4448,Tanvi,Gupta
4449,Dinesh,Jain
4450,Mohan,Trivedi
4451,Anjali,Vohra
4452,Akash,Chopra
4453,Qasim,Srinivasan
4454,Suresh,Rastogi
4455,Mala,Sharma
4456,Deepak,Pandey
4457,Zara,Banerjee
4458,Lakshmi,Banerjee
4459,Suresh,Swamy
4460,Indira,Bahl
4461,Aarti,Bhosale
4462,Kiran,Pahwa
4463,Divya,Joshi
4464,Vanita,Kulkarni
4465,Abhi,Goyal
4466,Farhan,Verma
4467,Rohit,Kapoor
4468,Rakesh,Swamy
4469,Aisha,Dhawan
4470,Rahul,Kumar
4471,Vanita,Dhawan
4472,Prashant,Shinde
4473,Wasim,Hora
4474,Devraj,Chopra
4475,Gaurav,Chadha
4476,Devraj,Saxena
4477,Vimal,Nair
4478,Xavier,Mukherjee
4479,Mala,Chopra
4480,Nalini,Menon
4481,Prashant,Kadam
4482,Ramesh,Banerjee
4483,Bharat,Chowdhury
4484,Anushka,Subramaniam
4485,Rajesh,Kumar
4486,Arjun,Garg
4487,Lakshmi,Kapoor
4488,Nikhil,Modi
4489,Aarav,Bhosale
4490,Sushma,Kadam
4491,Naveen,Balaji
4492,Gaurav,Bahl
4493,Hitesh,Kapoor
4494,Nilesh,Iyer
4495,Anand,Venkat
4496,Gaurav,Hora
4497,Anushka,Ghosh
4498,Aarav,Pandey
4499,Nandini,Rao
4500,Wasim,Patil
4501,Aryan,Sharma
4502,Amit,Juneja
4503,Krishnan,Chavan
4504,Deepak,Vohra
4505,Riya,Chavan
4506,Devraj,Chavan
4507,Radha,Dhawan
4508,Hitesh,Kadam
4509,Salim,Yadav
4510,Kavya,Pawar
4511,Rashid,Khanna
4512,Hitesh,Trivedi
4513,Aryan,Chowdhury
4514,Falak,Gupta
4515,Hema,Venkat
4516,Gopal,Naidu
4517,Salim,Murthy
4518,Gopal,Chopra
4519,Tariq,Patel
4520,Hitesh,Kadam
4521,Umar,Dhawan
4522,Krishnan,Saxena
4523,Amit,Pawar
4524,Suresh,Shinde
4525,Xavier,Joshi
4526,Gaurav,Grover
4527,Falak,Mishra
4528,Hema,Banerjee
4529,Elan,Agarwal
4530,Rakesh,Chowdhury
4531,Sushma,Sethi
4532,Amit,Srivastava
4533,Chitra,Kapoor
4534,Vanita,Sinha
4535,Hitesh,Lamba
4536,Vikram,Dubey
4537,Gayatri,Parekh
4538,Deepak,Natarajan
4539,Esha,Chopra
4540,Nilesh,Shukla
4541,Gayatri,Kapoor
4542,Dinesh,Reddy
4543,Qasim,Dhawan
4544,Prashant,Dwivedi
4545,Deepa,Sethi
4546,Aarti,Roy
4547,Sunita,Pillai
4548,Prakash,Shah
4549,Esha,Tiwari
4550,Elan,Pandey
4551,Rohit,Malhotra
4552,Krishnan,Khurana
4553,Sushma,Ghosh
4554,Meera,Tripathi
4555,Devraj,Joshi
4556,Omkar,Garg
4557,Geeta,Bhatt
4558,Priya,Krishnan
4559,Nikhil,Pillai
4560,Varun,Sethi
4561,Usha,Anand
4562,Salim,Grover
4563,Aarav,Singh
4564,Disha,Pillai
4565,Santosh,Desai
4566,Deepak,Mukherjee
4567,Arjun,Nambiar
4568,Vanita,Malhotra
4569,Geeta,Goyal
4570,Geeta,Gupta
4571,Arjun,Tandon
4572,Suresh,Kulkarni
4573,Salim,Balaji
4574,Divya,Mittal
4575,Aditya,Pandey
4576,Omkar,Sinha
4577,Anjali,Chandra
4578,Naveen,Iyer
4579,Deepak,Dubey
4580,Kavya,Sen
4581,Divya,Patel
4582,Meera,Krishnan
4583,Gopal,Gupta
4584,Vinita,Pawar
4585,Farhan,Kadam
4586,Geeta,Roy
4587,Rohit,Iyer
4588,Disha,Naidu
4589,Farhan,Dalal
4590,Pranav,Malhotra
4591,Ananya,Desai
4592,Vimal,Kulkarni
4593,Kiran,Walia
4594,Rajesh,Khurana
4595,Manish,Mishra
4596,Amit,Jadhav
4597,Zara,Vohra
4598,Vikram,Bahl
4599,Hema,Grover
4600,Qasim,Madan
4601,Shivam,Zutshi
4602,Anjali,Parekh
4603,Sanjay,Tripathi
4604,Suresh,Jain
4605,Shivam,Srivastava
4606,Disha,Sharma
4607,Nandini,Upadhyay
4608,Rahul,Dubey
4609,Tariq,Jadhav
4610,Salim,Chopra
4611,Pranav,Bahl
4612,Riya,Pandey
4613,Manish,Rastogi
4614,Suresh,Vohra
4615,Manish,Qureshi
4616,Esha,Sethi
4617,Elan,Tripathi
4618,Wasim,Murthy
4619,Gayatri,Srivastava
4620,Deepak,Srivastava
4621,Sushma,Das
4622,Gopal,Garg
4623,Nalini,Khanna
4624,Yash,Trivedi
4625,Tanvi,Shah
4626,Yash,Mukherjee
4627,Ananya,Oberoi
4628,Rohit,Tiwari
4629,Arjun,Nair
4630,Amit,Zutshi
4631,Isha,Naidu
4632,Shweta,Zutshi
4633,Omkar,Mehta
4634,Amit,Verma
4635,Salim,Bhatt
4636,Aryan,Srinivasan
4637,Sunita,Kadam
4638,Jagdish,Pandey
4639,Pavan,Deshpande
4640,Kamala,Dwivedi
4641,Qasim,Desai
4642,Chitra,Srivastava
4643,Ravi,Garg
4644,Jaya,Kapoor
4645,Rakesh,Thakkar
4646,Mala,Desai
4647,Girish,Vohra
4648,Prakash,Rastogi
4649,Naveen,Krishnan
4650,Santosh,Chadha
4651,Yash,Nagpal
4652,Hema,Malhotra
4653,Shweta,Mukherjee
4654,Hitesh,Anand
4655,Shivam,Jindal
4656,Hema,Upadhyay
4657,Nilesh,Mittal
4658,Ramesh,Rao
4659,Prakash,Bose
4660,Ramesh,Tripathi
4661,Riya,Issar
4662,Amit,Shah
4663,Indira,Tiwari
4664,Varun,Parekh
4665,Mala,Rajan
4666,Hemant,Pahwa
4667,Ravi,Lamba
4668,Zara,Patil
4669,Zara,Ghosh
4670,Kiran,Bose
4671,Tariq,Kadam
4672,Harish,Parikh
4673,Indira,Saxena
4674,Priya,Nambiar
4675,Meera,Chopra
4676,Rahul,Kapoor
4677,Kamala,Bajpai
4678,Kiran,Banerjee
4679,Mohan,Jain
4680,Bhavna,Grover
4681,Varun,Swamy
4682,Esha,Reddy
4683,Deepa,Agarwal
4684,Farhan,Swamy
4685,Manish,Tiwari
4686,Radha,Venkat
4687,Deepak,Mane
4688,Dhruv,Malhotra
4689,Girish,Pandey
4690,Isha,Rastogi
4691,Hemant,Menon
4692,Mohan,Mukherjee
4693,Sneha,Hora
4694,Elan,Dubey
4695,Umar,Pandey
4696,Prashant,Banerjee
4697,Meera,Patel
4698,Meera,Mane
4699,Nilesh,Goyal
4700,Krishnan,Reddy
4701,Girish,Deshpande
4702,Jagdish,Oberoi
4703,Nilesh,Srivastava
4704,Kavya,Naidu
4705,Bhavna,Srivastava
4706,Prashant,Dixit
4707,Akash,Tripathi
4708,Xavier,Thakkar
4709,Sachin,Subramaniam
4710,Gayatri,Bhatia
4711,Bharat,Reddy
4712,Pranav,Chandra
4713,Hemant,Garg
4714,Salim,Naidu
4715,Nilesh,Kulkarni
4716,Sunita,Issar
4717,Neha,Natarajan
4718,Divya,Pandey
4719,Krishnan,Venkat
4720,Sunita,Srivastava
4721,Santosh,Nagpal
4722,Pranav,Desai
4723,Krishnan,Saxena
4724,Manish,Grover
4725,Lakshmi,Srinivasan
4726,Rahul,Nagpal
4727,Aryan,Kapoor
4728,Deepak,Sethi
4729,Vimal,Issar
4730,Gayatri,Chopra
4731,Kiran,Goyal
4732,Suresh,Sharma
4733,Mala,Patel
4734,Hemant,Srinivasan
4735,Geeta,Trivedi
4736,Bharat,Shinde
4737,Jaya,Walia
4738,Sachin,Kulkarni
4739,Nalini,Bhatia
4740,Nikhil,Jain
4741,Kamala,Juneja
4742,Sunita,Sethi
4743,Lakshmi,Vohra
4744,Hemant,Nambiar
4745,Hema,Chowdhury
4746,Vinita,Modi
4747,Ramesh,Jain
4748,Dhruv,Goyal
4749,Elan,Mukherjee
4750,Rohit,Khanna
4751,Rakesh,Juneja
4752,Dhruv,Kulkarni
4753,Chitra,Pawar
4754,Lata,Bose
4755,Amit,Deshpande
4756,Mahesh,Chavan
4757,Farhan,Srivastava
4758,Manish,Hora
4759,Nalini,Pahwa
4760,Krishnan,Roy
4761,Vikram,Pandey
4762,Akash,Thakkar
4763,Jagdish,Madan
4764,Omkar,Banerjee
4765,Divya,Goyal
4766,Wasim,Srinivasan
4767,Krishnan,Bose
4768,Sushma,Issar
4769,Pooja,Patel
4770,Salim,Hora
4771,Anushka,Bajpai
4772,Elan,Tiwari
4773,Elan,Qureshi
4774,Jagdish,Sinha
4775,Hitesh,Rao
4776,Hemant,Srivastava
4777,Salim,Grover
4778,Rahul,Sen
4779,Bhavna,Dhawan
4780,Vikram,Rao
4781,Elan,Bajpai
4782,Neha,Kadam
4783,Sanjay,Kadam
4784,Manish,Tandon
4785,Aarav,Balaji
4786,Gaurav,Roy
4787,Manish,Saxena
4788,Aarav,Rastogi
4789,Wasim,Subramaniam
4790,Bhavna,Grover
4791,Pooja,Zutshi
4792,Pavan,Kapoor
4793,Dinesh,Zutshi
4794,Vidya,Bhosale
4795,Ravi,Chavan
4796,Meera,Ghosh
4797,Prakash,Khanna
4798,Disha,Malhotra
4799,Bharat,Murthy
4800,Pooja,Venkat
4801,Rohit,Mishra
4802,Aarav,Dalal
4803,Devraj,Bose
4804,Gopal,Garg
4805,Ravi,Dwivedi
4806,Amit,Nagpal
4807,Kiran,Chandra
4808,Manish,Lamba
4809,Gayatri,Khanna
4810,Arjun,Shah
4811,Rakesh,Sharma
4812,Sanjay,Qureshi
4813,Isha,Subramaniam
4814,Mohan,Pawar
4815,Tariq,Mehta
4816,Hitesh,Pahwa
4817,Farhan,Bajpai
4818,Sanjay,Naidu
4819,Vanita,Lamba
4820,Sneha,Subramaniam
4821,Amit,Shukla
4822,Naveen,Patel
4823,Prashant,Nambiar
4824,Tariq,Mittal
4825,Dhruv,Khanna
4826,Gayatri,Parekh
4827,Chitra,Vohra
4828,Arjun,Desai
4829,Kiran,Mukherjee
4830,Mahesh,Iyer
4831,Krishnan,Parekh
4832,Sanjay,Chopra
4833,Shivam,Srivastava
4834,Kiran,Singh
4835,Sunita,Banerjee
4836,Krishnan,Upadhyay
4837,Umar,Nair
4838,Vanita,Agarwal
4839,Pooja,Joshi
4840,Girish,Thakkar
4841,Arjun,Pandey
4842,Shweta,Subramaniam
4843,Bhavna,Balaji
4844,Nikhil,Bahl
4845,Hemant,Grover
4846,Mohan,Srinivasan
4847,Aarav,Banerjee
4848,Mala,Bahl
4849,Xavier,Tandon
4850,Prashant,Naidu
4851,Arjun,Dhawan
4852,Gayatri,Kadam
4853,Jagdish,Upadhyay
4854,Aarti,Tiwari
4855,Mahesh,Sethi
4856,Anand,Nambiar
4857,Vikram,Modi
4858,Mahesh,Khanna
4859,Qasim,Mittal
4860,Prakash,Reddy
4861,Aarti,Parekh
4862,Dinesh,Modi
4863,Santosh,Swamy
4864,Elan,Walia
4865,Aditya,Srinivasan
4866,Aryan,Hora
4867,Bharat,Pawar
4868,Bhavna,Pahwa
4869,Vinita,Chadha
4870,Arjun,Shah
4871,Vanita,Bhatia
4872,Indira,Chandra
4873,Harish,Naidu
4874,Mala,Chowdhury
4875,Rashid,Khurana
4876,Farhan,Parikh
4877,Bhavna,Mehta
4878,Mala,Tripathi
4879,Rajesh,Natarajan
4880,Tanvi,Chopra
4881,Sunita,Chowdhury
4882,Vanita,Sinha
4883,Deepa,Pandey
4884,Mala,Chowdhury
4885,Girish,Parekh
4886,Ravi,Verma
4887,Rahul,Joshi
4888,Ananya,Malhotra
4889,Harish,Mishra
4890,Elan,Naidu
4891,Aditya,Modi
4892,Vidya,Banerjee
4893,Jagdish,Dwivedi
4894,Radha,Tiwari
4895,Hema,Bhatt
4896,Hemant,Rao
4897,Pooja,Khanna
4898,Kamala,Natarajan
4899,Chetan,Dixit
4900,Nilesh,Natarajan
4901,Deepa,Pawar
4902,Tariq,Walia
4903,Mala,Dixit
4904,Anjali,Joshi
4905,Anand,Dixit
4906,Arjun,Dhawan
4907,Varun,Anand
4908,Vimal,Sharma
4909,Kavya,Ghosh
4910,Anand,Juneja
4911,Farhan,Juneja
4912,Kamala,Krishnan
4913,Harish,Saxena
4914,Hitesh,Shinde
4915,Radha,Venkat
4916,Aditya,Walia
4917,Radha,Joshi
4918,Dinesh,Tiwari
4919,Manish,Ghosh
4920,Prashant,Oberoi
4921,Lata,Subramaniam
4922,Sneha,Jadhav
4923,Girish,Parikh
4924,Bharat,Trivedi
4925,Priya,Rastogi
4926,Shivam,Balaji
4927,Farhan,Dalal
4928,Jagdish,Dhawan
4929,Gayatri,Sharma
4930,Salim,Reddy
4931,Shivam,Mukherjee
4932,Deepa,Grover
4933,Vanita,Mittal
4934,Usha,Ghosh
4935,Dhruv,Nagpal
4936,Bharat,Nagpal
4937,Vanita,Zutshi
4938,Devraj,Shah
4939,Priya,Kapoor
4940,Devraj,Joshi
4941,Dinesh,Srinivasan
4942,Pooja,Tripathi
4943,Anjali,Gupta
4944,Indira,Verma
4945,Prashant,Saxena
4946,Meera,Desai
4947,Lata,Khurana
4948,Mala,Walia
4949,Anand,Ghosh
4950,Sachin,Singh
4951,Krishnan,Mehta
4952,Geeta,Grover
4953,Akash,Mane
4954,Chitra,Bhatt
4955,Shivam,Hora
4956,Rakesh,Juneja
4957,Bhavna,Pillai
4958,Sneha,Kumar
4959,Manish,Srinivasan
4960,Vimal,Bose
4961,Pradeep,Goyal
4962,Vanita,Agarwal
4963,Aarti,Qureshi
4964,Deepak,Kulkarni
4965,Hemant,Kulkarni
4966,Sanjay,Dhawan
4967,Akash,Thakkar
4968,Ravi,Ghosh
4969,Deepa,Subramaniam
4970,Neha,Goyal
4971,Chetan,Das
4972,Pooja,Pawar
4973,Pavan,Roy
4974,Mohan,Nambiar
4975,Ramesh,Juneja
4976,Bharat,Bhosale
4977,Wasim,Bhosale
4978,Tariq,Modi
4979,Sanjay,Mehta
4980,Amit,Srivastava
4981,Vikram,Khurana
4982,Jaya,Murthy
4983,Mala,Qureshi
4984,Anjali,Jindal
4985,Disha,Chadha
4986,Abhi,Hora
4987,Jaya,Chandra
4988,Shweta,Tiwari
4989,Vidya,Mehta
4990,Bhavna,Jadhav
4991,Ramesh,Chopra
4992,Farhan,Dhawan
4993,Elan,Juneja
4994,Esha,Issar
4995,Rakesh,Bhatt
4996,Gaurav,Patil
4997,Dhruv,Chowdhury
4998,Prakash,Garg
4999,Manish,Joshi
5000,Ramesh,Sharma
5001,Tanvi,Nambiar
5002,Wasim,Lamba
5003,Chetan,Parekh
5004,Vikram,Sharma
5005,Sanjay,Nambiar
5006,Esha,Menon
5007,Lata,Mukherjee
5008,Anushka,Naidu
5009,Disha,Venkat
5010,Esha,Chowdhury
5011,Suresh,Kapoor
5012,Dhruv,Patil
5013,Varun,Swamy
5014,Deepa,Mane
5015,Suresh,Agarwal
5016,Pooja,Subramaniam
5017,Gayatri,Joshi
5018,Sanjay,Madan
5019,Sunita,Malhotra
5020,Girish,Chopra
5021,Omkar,Natarajan
5022,Dhruv,Pandey
5023,Deepak,Saxena
5024,Santosh,Trivedi
5025,Neha,Dixit
5026,Chetan,Nair
5027,Mahesh,Khanna
5028,Xavier,Singh
5029,Jagdish,Rajan
5030,Aisha,Chopra
5031,Sneha,Chatterjee
5032,Santosh,Anand
5033,Rahul,Oberoi
5034,Vimal,Anand
5035,Mohan,Kumar
5036,Shweta,Iyer
5037,Nalini,Trivedi
5038,Arjun,Anand
5039,Tariq,Jadhav
5040,Varun,Dubey
5041,Nikhil,Reddy
5042,Disha,Naidu
5043,Vimal,Srivastava
5044,Anjali,Oberoi
5045,Vanita,Krishnan
5046,Bharat,Pandey
5047,Kiran,Shukla
5048,Divya,Grover
5049,Shivam,Swamy
5050,Xavier,Singh
5051,Deepa,Shah
5052,Falak,Dubey
5053,Radha,Chatterjee
5054,Farhan,Nagpal
5055,Girish,Bhosale
5056,Dhruv,Subramaniam
5057,Umar,Dalal
5058,Ravi,Verma
5059,Ravi,Singh
5060,Aarav,Bhosale
5061,Tariq,Tripathi
5062,Gopal,Parekh
5063,Bhavna,Krishnan
5064,Aryan,Desai
5065,Deepa,Bajpai
5066,Harish,Verma
5067,Indira,Reddy
5068,Nandini,Vohra
5069,Lata,Tandon
5070,Chetan,Roy
5071,Nikhil,Chavan
5072,Hitesh,Juneja
5073,Hitesh,Kapoor
5074,Akash,Bhatt
5075,Arjun,Bajpai
5076,Mahesh,Menon
5077,Suresh,Shah
5078,Santosh,Rastogi
5079,Harish,Pandey
5080,Sneha,Bajpai
5081,Ramesh,Upadhyay
5082,Aarti,Balaji
5083,Shivam,Dixit
5084,Gayatri,Bhosale
5085,Aarti,Menon
5086,Jaya,Bahl
5087,Zara,Sethi
5088,Mala,Mittal
5089,Gaurav,Shukla
5090,Sachin,Chowdhury
5091,Arjun,Goyal
5092,Aarav,Swamy
5093,Aditya,Tripathi
5094,Gopal,Reddy
5095,Anjali,Chadha
5096,Shweta,Jain
5097,Vidya,Zutshi
5098,Amit,Juneja
5099,Jaya,Anand
5100,Gayatri,Shukla
5101,Gopal,Juneja
5102,Divya,Das
5103,Jaya,Murthy
5104,Mahesh,Pahwa
5105,Pradeep,Srivastava
5106,Disha,Chandra
5107,Pradeep,Dhawan
5108,Vanita,Malhotra
5109,Vanita,Subramaniam
5110,Aditya,Patil
5111,Divya,Parekh
5112,Anand,Srivastava
5113,Santosh,Naidu
5114,Lakshmi,Menon
5115,Rahul,Anand
5116,Lakshmi,Malhotra
5117,Isha,Nagpal
5118,Gayatri,Menon
5119,Vanita,Krishnan
5120,Abhi,Chowdhury
5121,Anand,Parikh
5122,Ravi,Krishnan
5123,Chetan,Grover
5124,Mohan,Ghosh
5125,Mala,Tiwari
5126,Sushma,Tandon
5127,Suresh,Rao
5128,Yash,Chowdhury
5129,Tanvi,Menon
5130,Falak,Hora
5131,Elan,Zutshi
5132,Nandini,Chatterjee
5133,Shweta,Khurana
5134,Sachin,Pawar
5135,Aarti,Rao
5136,Bhavna,Lamba
5137,Dinesh,Rastogi
5138,Anushka,Venkat
5139,Aisha,Jindal
5140,Aryan,Parekh
5141,Yash,Lamba
5142,Hemant,Sharma
5143,Bhavna,Pahwa
5144,Hemant,Mane
5145,Nilesh,Oberoi
5146,Prashant,Bahl
5147,Radha,Rajan
5148,Nikhil,Joshi
5149,Anushka,Qureshi
5150,Vikram,Jain
5151,Prakash,Banerjee
5152,Krishnan,Sethi
5153,Amit,Krishnan
5154,Isha,Chandra
5155,Nikhil,Bhatia
5156,Krishnan,Pawar
5157,Rahul,Kapoor
5158,Harish,Mittal
5159,Pranav,Balaji
5160,Hemant,Nambiar
5161,Gayatri,Bhosale
5162,Anushka,Lamba
5163,Lakshmi,Kulkarni
5164,Geeta,Kadam
5165,Prashant,Yadav
5166,Zara,Murthy
5167,Nilesh,Pawar
5168,Chitra,Balaji
5169,Dinesh,Sen
5170,Gopal,Issar
5171,Akash,Shukla
5172,Dinesh,Kadam
5173,Nilesh,Swamy
5174,Zara,Singh
5175,Gopal,Tandon
5176,Pooja,Reddy
5177,Kavya,Mishra
5178,Vidya,Balaji
5179,Qasim,Juneja
5180,Xavier,Garg
5181,Aarav,Saxena
5182,Rashid,Bose
5183,Santosh,Bhatt
5184,Vimal,Mehta
5185,Sachin,Kadam
5186,Vinita,Pandey
5187,Lata,Kapoor
5188,Gayatri,Kadam
5189,Farhan,Mukherjee
5190,Salim,Nagpal
5191,Ramesh,Nambiar
5192,Suresh,Parikh
5193,Krishnan,Chandra
5194,Bhavna,Sharma
5195,Gayatri,Hora
5196,Elan,Upadhyay
5197,Rahul,Mukherjee
5198,Qasim,Verma
5199,Lata,Patel
5200,Nandini,Srivastava
5201,Naveen,Madan
5202,Qasim,Patel
5203,Dinesh,Khanna
5204,Salim,Saxena
5205,Dinesh,Jadhav
5206,Priya,Sinha
5207,Pooja,Parikh
5208,Anushka,Iyer
5209,Sunita,Kulkarni
5210,Lata,Dalal
5211,Girish,Dhawan
5212,Nilesh,Mane
5213,Indira,Goyal
5214,Radha,Kadam
5215,Nikhil,Pahwa
5216,Deepa,Balaji
5217,Tanvi,Naidu
5218,Aarav,Chadha
5219,Sunita,Qureshi
5220,Mala,Dixit
5221,Salim,Rao
5222,Girish,Tripathi
5223,Nandini,Oberoi
5224,Mahesh,Singh
5225,Zara,Nambiar
5226,Akash,Mittal
5227,Kiran,Natarajan
5228,Qasim,Dalal
5229,Esha,Tandon
5230,Mohan,Pawar
5231,Kiran,Lamba
5232,Prashant,Lamba
5233,Vanita,Dhawan
5234,Sushma,Chowdhury
5235,Prakash,Issar
5236,Ramesh,Balaji
5237,Vikram,Parikh
5238,Tariq,Qureshi
5239,Aditya,Chandra
5240,Ananya,Yadav
5241,Girish,Gupta
5242,Pooja,Oberoi
5243,Hema,Mittal
5244,Tariq,Mishra
5245,Hemant,Shukla
5246,Kiran,Malhotra
5247,Akash,Bhatia
5248,Dhruv,Dalal
5249,Prashant,Pillai
5250,Mahesh,Kulkarni
5251,Neha,Vohra
5252,Pavan,Chatterjee
5253,Rajesh,Vohra
5254,Shivam,Kadam
5255,Sunita,Chandra
5256,Rahul,Venkat
5257,Esha,Singh
5258,Suresh,Joshi
5259,Tariq,Kumar
5260,Falak,Chadha
5261,Nikhil,Menon
5262,Naveen,Roy
5263,Lakshmi,Chavan
5264,Wasim,Swamy
5265,Ramesh,Jadhav
5266,Umar,Malhotra
5267,Pavan,Naidu
5268,Shweta,Lamba
5269,Farhan,Juneja
5270,Omkar,Vohra
5271,Rohit,Walia
5272,Sachin,Tiwari
5273,Farhan,Deshpande
5274,Vanita,Dalal
5275,Rahul,Madan
5276,Pradeep,Murthy
5277,Lata,Parekh
5278,Hema,Ghosh
5279,Akash,Deshpande
5280,Neha,Singh
5281,Salim,Verma
5282,Umar,Dubey
5283,Disha,Murthy
5284,Girish,Malhotra
5285,Vanita,Desai
5286,Amit,Iyer
5287,Rakesh,Ghosh
5288,Chetan,Goyal
5289,Sneha,Issar
5290,Shivam,Rajan
5291,Harish,Rao
5292,Rajesh,Subramaniam
5293,Deepak,Sinha
5294,Gaurav,Iyer
5295,Chitra,Shukla
5296,Kiran,Mane
5297,Hemant,Desai
5298,Devraj,Saxena
5299,Harish,Shinde
5300,Rakesh,Shinde
5301,Abhi,Krishnan
5302,Rakesh,Kumar
5303,Santosh,Pahwa
5304,Ananya,Swamy
5305,Zara,Sethi
5306,Pavan,Malhotra
5307,Deepak,Pawar
5308,Bharat,Vohra
5309,Wasim,Srivastava
5310,Nandini,Nair
5311,Varun,Tripathi
5312,Esha,Patil
5313,Shweta,Rastogi
5314,Arjun,Venkat
5315,Chetan,Thakkar
5316,Rashid,Murthy
5317,Aditya,Srivastava
5318,Esha,Pahwa
5319,Omkar,Deshpande
5320,Tariq,Murthy
5321,Vanita,Vohra
5322,Rakesh,Qureshi
5323,Jaya,Rao
5324,Ravi,Roy
5325,Rohit,Rastogi
5326,Hemant,Madan
5327,Salim,Tiwari
5328,Zara,Garg
5329,Riya,Pandey
5330,Devraj,Khurana
5331,Aarav,Chadha
5332,Akash,Tiwari
5333,Hitesh,Joshi
5334,Tanvi,Rajan
5335,Vikram,Parikh
5336,Chetan,Tripathi
5337,Hemant,Mittal
5338,Gaurav,Issar
5339,Shivam,Parekh
5340,Santosh,Sinha
5341,Aryan,Tandon
5342,Kamala,Dwivedi
5343,Varun,Mishra
5344,Elan,Jadhav
5345,Hitesh,Thakkar
5346,Lata,Juneja
5347,Divya,Chopra
5348,Lakshmi,Mehta
5349,Abhi,Bahl
5350,Rakesh,Srivastava
5351,Priya,Chowdhury
5352,Gopal,Bhatia
5353,Lata,Sen
5354,Hema,Srinivasan
5355,Girish,Modi
5356,Sunita,Sethi
5357,Vimal,Oberoi
5358,Sunita,Sinha
5359,Vikram,Roy
5360,Falak,Pahwa
5361,Aarti,Desai
5362,Sanjay,Shah
5363,Elan,Desai
5364,Rashid,Dwivedi
5365,Prashant,Lamba
5366,Nandini,Qureshi
5367,Amit,Bhosale
5368,Hemant,Chadha
5369,Nandini,Walia
5370,Isha,Jain
5371,Vinita,Joshi
5372,Ramesh,Bose
5373,Bhavna,Thakkar
5374,Falak,Sharma
5375,Dinesh,Qureshi
5376,Neha,Goyal
5377,Esha,Dubey
5378,Pooja,Parikh
5379,Disha,Tripathi
5380,Amit,Roy
5381,Prashant,Agarwal
5382,Varun,Gupta
5383,Nilesh,Deshpande
5384,Sanjay,Anand
5385,Nandini,Jindal
5386,Dhruv,Chowdhury
5387,Jagdish,Menon
5388,Falak,Srivastava
5389,Sanjay,Zutshi
5390,Hema,Parikh
5391,Hema,Jindal
5392,Ananya,Jain
5393,Riya,Joshi
5394,Esha,Banerjee
5395,Jaya,Mane
5396,Sunita,Sinha
5397,Shweta,Garg
5398,Anjali,Chopra
5399,Isha,Shukla
5400,Dinesh,Kapoor
5401,Ramesh,Shah
5402,Pooja,Das
5403,Pranav,Dubey
5404,Riya,Rastogi
5405,Anushka,Bahl
5406,Prakash,Kulkarni
5407,Mahesh,Oberoi
5408,Umar,Reddy
5409,Divya,Trivedi
5410,Girish,Anand
5411,Harish,Rajan
5412,Zara,Bhatia
5413,Hitesh,Goyal
5414,Ramesh,Sharma
5415,Rohit,Kumar
5416,Prashant,Deshpande
5417,Falak,Vohra
5418,Vinita,Sharma
5419,Divya,Chadha
5420,Tariq,Pawar
5421,Pooja,Natarajan
5422,Aisha,Das
5423,Dinesh,Patel
5424,Girish,Mittal
5425,Anushka,Madan
5426,Kamala,Bhatia
5427,Salim,Kadam
5428,Tanvi,Khanna
5429,Aarti,Lamba
5430,Nandini,Nambiar
5431,Nalini,Shukla
5432,Shivam,Khanna
5433,Anjali,Shukla
5434,Naveen,Subramaniam
5435,Usha,Roy
5436,Lakshmi,Madan
5437,Ananya,Nair
5438,Bhavna,Shukla
5439,Neha,Venkat
5440,Devraj,Verma
5441,Aarti,Vohra
5442,Sachin,Kadam
5443,Anjali,Dalal
5444,Manish,Tandon
5445,Neha,Chatterjee
5446,Jaya,Ghosh
5447,Chitra,Swamy
5448,Prashant,Kadam
5449,Gaurav,Tripathi
5450,Rakesh,Sharma
5451,Aarti,Sen
5452,Akash,Rastogi
5453,Yash,Zutshi
5454,Manish,Pillai
5455,Nilesh,Pawar
5456,Sachin,Deshpande
5457,Gayatri,Shukla
5458,Vikram,Bhatia
5459,Mohan,Balaji
5460,Wasim,Chandra
5461,Sachin,Patil
5462,Esha,Yadav
5463,Naveen,Hora
5464,Prakash,Desai
5465,Umar,Issar
5466,Nandini,Chavan
5467,Prashant,Jadhav
5468,Gaurav,Reddy
5469,Elan,Venkat
5470,Hitesh,Sethi
5471,Lata,Nair
5472,Neha,Rastogi
5473,Dinesh,Pillai
5474,Rashid,Lamba
5475,Aryan,Swamy
5476,Dhruv,Iyer
5477,Gaurav,Malhotra
5478,Sneha,Rao
5479,Vanita,Naidu
5480,Suresh,Dhawan
5481,Kamala,Tiwari
5482,Pranav,Bahl
5483,Wasim,Swamy
5484,Hemant,Iyer
5485,Deepa,Vohra
5486,Gayatri,Jadhav
5487,Xavier,Natarajan
5488,Mahesh,Jain
5489,Umar,Patil
5490,Deepa,Tiwari
5491,Vanita,Bhosale
5492,Hitesh,Chopra
5493,Radha,Dwivedi
5494,Umar,Deshpande
5495,Falak,Bhatia
5496,Ramesh,Parikh
5497,Elan,Mukherjee
5498,Xavier,Chatterjee
5499,Chitra,Shah
5500,Kiran,Rajan
5501,Ananya,Nagpal
5502,Arjun,Desai
5503,Nikhil,Nair
5504,Kiran,Roy
5505,Santosh,Natarajan
5506,Deepak,Swamy
5507,Meera,Tiwari
5508,Sushma,Chowdhury
5509,Varun,Vohra
5510,Sanjay,Jain
5511,Anand,Kulkarni
5512,Aarti,Dwivedi
5513,Abhi,Sinha
5514,Chitra,Deshpande
5515,Yash,Thakkar
5516,Nikhil,Pandey
5517,Anand,Upadhyay
5518,Indira,Tripathi
5519,Aarti,Sen
5520,Bhavna,Parikh
5521,Rahul,Das
5522,Rashid,Dalal
5523,Krishnan,Nagpal
5524,Aarav,Oberoi
5525,Ravi,Naidu
5526,Chetan,Dixit
5527,Tariq,Ghosh
5528,Jaya,Chowdhury
5529,Prashant,Nagpal
5530,Akash,Srinivasan
5531,Radha,Dixit
5532,Omkar,Gupta
5533,Bhavna,Das
5534,Tanvi,Upadhyay
5535,Vinita,Parikh
5536,Neha,Sinha
5537,Sachin,Upadhyay
5538,Priya,Nambiar
5539,Aryan,Swamy
5540,Dhruv,Verma
5541,Wasim,Chowdhury
5542,Farhan,Bahl
5543,Prakash,Mittal
5544,Deepak,Chadha
5545,Krishnan,Kumar
5546,Sneha,Singh
5547,Jaya,Swamy
5548,Harish,Joshi
5549,Ravi,Menon
5550,Riya,Kumar
5551,Arjun,Kapoor
5552,Neha,Nambiar
5553,Indira,Madan
5554,Omkar,Subramaniam
5555,Zara,Srivastava
5556,Hema,Bajpai
5557,Riya,Balaji
5558,Kiran,Mane
5559,Vidya,Shinde
5560,Prakash,Chatterjee
5561,Gayatri,Naidu
5562,Bhavna,Jindal
5563,Nalini,Walia
5564,Prakash,Madan
5565,Rashid,Garg
5566,Meera,Kapoor
5567,Neha,Bajpai
5568,Varun,Parikh
5569,Nikhil,Dixit
5570,Isha,Chandra
5571,Aisha,Iyer
5572,Santosh,Naidu
5573,Elan,Kulkarni
5574,Kamala,Garg
5575,Varun,Kapoor
5576,Mohan,Sethi
5577,Tanvi,Jindal
5578,Krishnan,Mittal
5579,Arjun,Yadav
5580,Omkar,Swamy
5581,Rashid,Bahl
5582,Geeta,Upadhyay
5583,Kiran,Yadav
5584,Umar,Pandey
5585,Amit,Dubey
5586,Rajesh,Chopra
5587,Suresh,Lamba
5588,Pradeep,Pawar
5589,Shweta,Parikh
5590,Aarti,Mishra
5591,Shweta,Shukla
5592,Hemant,Pandey
5593,Mahesh,Verma
5594,Kiran,Das
5595,Anushka,Kulkarni
5596,Naveen,Patel
5597,Meera,Bajpai
5598,Umar,Mittal
5599,Kamala,Upadhyay
5600,Priya,Sen
5601,Riya,Vohra
5602,Hemant,Dixit
5603,Aryan,Kadam
5604,Priya,Verma
5605,Nalini,Mehta
5606,Rahul,Dalal
5607,Neha,Thakkar
5608,Rohit,Kadam
5609,Wasim,Desai
5610,Rohit,Roy
5611,Aarti,Patel
5612,Indira,Upadhyay
5613,Deepak,Murthy
5614,Aarti,Shinde
5615,Jagdish,Das
5616,Gaurav,Garg
5617,Xavier,Qureshi
5618,Kiran,Sethi
5619,Tanvi,Bhosale
5620,Gayatri,Singh
5621,Vimal,Jindal
5622,Qasim,Agarwal
5623,Manish,Pillai
5624,Yash,Bhosale
5625,Ananya,Roy
5626,Riya,Malhotra
5627,Isha,Rajan
5628,Aisha,Khurana
5629,Deepa,Menon
5630,Umar,Dhawan
5631,Vanita,Tiwari
5632,Vimal,Patel
5633,Radha,Naidu
5634,Zara,Mehta
5635,Esha,Zutshi
5636,Sanjay,Desai
5637,Rajesh,Trivedi
5638,Devraj,Rao
5639,Sachin,Modi
5640,Aisha,Mane
5641,Girish,Pawar
5642,Nandini,Bajpai
5643,Bhavna,Desai
5644,Gopal,Singh
5645,Sanjay,Walia
5646,Pavan,Walia
5647,Radha,Dubey
5648,Hema,Rajan
5649,Aryan,Swamy
5650,Devraj,Zutshi
5651,Sneha,Sen
5652,Kiran,Bhosale
5653,Sanjay,Dhawan
5654,Aarti,Nambiar
5655,Vanita,Lamba
5656,Kamala,Das
5657,Harish,Kapoor
5658,Pradeep,Sinha
5659,Manish,Saxena
5660,Zara,Kumar
5661,Nandini,Chopra
5662,Hema,Nair
5663,Sanjay,Desai
5664,Priya,Sethi
5665,Shweta,Banerjee
5666,Lakshmi,Menon
5667,Suresh,Murthy
5668,Nikhil,Modi
5669,Gayatri,Jain
5670,Mala,Jindal
5671,Shivam,Mukherjee
5672,Anushka,Verma
5673,Gayatri,Chandra
5674,Mala,Dubey
5675,Indira,Desai
5676,Sachin,Chowdhury
5677,Rahul,Banerjee
5678,Hema,Kumar
5679,Gaurav,Krishnan
5680,Hitesh,Modi
5681,Ananya,Tandon
5682,Anjali,Pandey
5683,Radha,Srinivasan
5684,Sunita,Oberoi
5685,Nalini,Bajpai
5686,Sneha,Menon
5687,Dinesh,Shinde
5688,Rohit,Bahl
5689,Suresh,Subramaniam
5690,Pooja,Shinde
5691,Meera,Khanna
5692,Vidya,Joshi
5693,Hitesh,Qureshi
5694,Krishnan,Shinde
5695,Jagdish,Joshi
5696,Nilesh,Zutshi
5697,Geeta,Mehta
5698,Mahesh,Shah
5699,Sushma,Subramaniam
5700,Abhi,Saxena
5701,Anjali,Sinha
5702,Santosh,Shukla
5703,Geeta,Shukla
5704,Mala,Nambiar
5705,Akash,Upadhyay
5706,Kavya,Joshi
5707,Elan,Khanna
5708,Yash,Balaji
5709,Nilesh,Balaji
5710,Vanita,Dwivedi
5711,Omkar,Jain
5712,Mala,Pawar
5713,Santosh,Bajpai
5714,Dinesh,Sinha
5715,Pooja,Jain
5716,Chitra,Srivastava
5717,Farhan,Mehta
5718,Isha,Sinha
5719,Shivam,Juneja
5720,Devraj,Jindal
5721,Omkar,Srinivasan
5722,Jagdish,Chavan
5723,Suresh,Juneja
5724,Falak,Hora
5725,Salim,Dwivedi
5726,Prakash,Nagpal
5727,Vinita,Srivastava
5728,Falak,Shukla
5729,Vimal,Verma
5730,Hitesh,Vohra
5731,Jagdish,Dwivedi
5732,Chetan,Shah
5733,Lakshmi,Dubey
5734,Rajesh,Deshpande
5735,Girish,Natarajan
5736,Pranav,Srinivasan
5737,Umar,Bajpai
5738,Vikram,Modi
5739,Xavier,Pandey
5740,Deepak,Chowdhury
5741,Divya,Natarajan
5742,Shivam,Mane
5743,Divya,Sharma
5744,Yash,Sethi
5745,Anjali,Saxena
5746,Vikram,Menon
5747,Vikram,Walia
5748,Sachin,Parikh
5749,Tariq,Jain
5750,Anushka,Pawar
5751,Farhan,Deshpande
5752,Ramesh,Chopra
5753,Aisha,Issar
5754,Vanita,Pahwa
5755,Devraj,Modi
5756,Gayatri,Chowdhury
5757,Isha,Juneja
5758,Radha,Jindal
5759,Naveen,Srinivasan
5760,Rahul,Bhatt
5761,Radha,Shukla
5762,Yash,Bhatia
5763,Aryan,Subramaniam
5764,Ravi,Patel
5765,Anand,Madan
5766,Tariq,Garg
5767,Vidya,Upadhyay
5768,Zara,Agarwal
5769,Ravi,Kumar
5770,Elan,Srinivasan
5771,Falak,Verma
5772,Wasim,Jindal
5773,Vidya,Naidu
5774,Aisha,Mittal
5775,Manish,Iyer
5776,Jaya,Krishnan
5777,Esha,Jadhav
5778,Geeta,Nair
5779,Mohan,Dalal
5780,Anushka,Dubey
5781,Shivam,Roy
5782,Prashant,Banerjee
5783,Tariq,Patil
5784,Nalini,Lamba
5785,Devraj,Balaji
5786,Prashant,Upadhyay
5787,Anushka,Dalal
5788,Anjali,Tripathi
5789,Sneha,Jadhav
5790,Vanita,Sharma
5791,Omkar,Modi
5792,Falak,Mittal
5793,Ananya,Dubey
5794,Jaya,Jadhav
5795,Rashid,Deshpande
5796,Vidya,Qureshi
5797,Abhi,Saxena
5798,Isha,Madan
5799,Arjun,Dubey
5800,Vimal,Madan
5801,Ravi,Modi
5802,Abhi,Chopra
5803,Nandini,Chopra
5804,Pranav,Nair
5805,Sanjay,Upadhyay
5806,Harish,Menon
5807,Kamala,Modi
5808,Kavya,Parekh
5809,Ravi,Desai
5810,Meera,Srinivasan
5811,Disha,Rastogi
5812,Dhruv,Dixit
5813,Devraj,Upadhyay
5814,Vimal,Pahwa
5815,Bhavna,Iyer
5816,Rashid,Patil
5817,Pooja,Chowdhury
5818,Kavya,Patel
5819,Aisha,Pillai
5820,Indira,Deshpande
5821,Prakash,Sethi
5822,Aarav,Mittal
5823,Esha,Sen
5824,Abhi,Dhawan
5825,Rohit,Swamy
5826,Zara,Srivastava
5827,Sanjay,Sharma
5828,Bhavna,Pillai
5829,Farhan,Modi
5830,Ananya,Trivedi
5831,Xavier,Issar
5832,Kavya,Saxena
5833,Kavya,Roy
5834,Sunita,Sharma
5835,Isha,Walia
5836,Vikram,Jain
5837,Tariq,Kapoor
5838,Rohit,Chopra
5839,Yash,Subramaniam
5840,Vinita,Rao
5841,Aisha,Roy
5842,Priya,Khanna
5843,Nilesh,Qureshi
5844,Riya,Upadhyay
5845,Mala,Tiwari
5846,Elan,Chatterjee
5847,Isha,Juneja
5848,Lata,Iyer
5849,Isha,Hora
5850,Neha,Hora
5851,Meera,Parikh
5852,Salim,Srivastava
5853,Pradeep,Natarajan
5854,Pavan,Khurana
5855,Anand,Subramaniam
5856,Ravi,Naidu
5857,Meera,Saxena
5858,Radha,Anand
5859,Devraj,Rastogi
5860,Pradeep,Singh
5861,Ravi,Balaji
5862,Vanita,Patel
5863,Meera,Malhotra
5864,Hemant,Tandon
5865,Deepa,Khanna
5866,Vidya,Grover
5867,Bhavna,Shinde
5868,Esha,Dhawan
5869,Disha,Walia
5870,Ananya,Parikh
5871,Sunita,Mishra
5872,Sachin,Dalal
5873,Divya,Sinha
5874,Sanjay,Hora
5875,Gaurav,Deshpande
5876,Aditya,Bajpai
5877,Vimal,Walia
5878,Akash,Trivedi
5879,Krishnan,Pahwa
5880,Kiran,Jain
5881,Zara,Parikh
5882,Chitra,Desai
5883,Disha,Chowdhury
5884,Dhruv,Pawar
5885,Hema,Desai
5886,Falak,Jadhav
5887,Pavan,Desai
5888,Kamala,Modi
5889,Omkar,Parikh
5890,Aryan,Bose
5891,Kamala,Hora
5892,Priya,Chopra
5893,Disha,Mehta
5894,Neha,Murthy
5895,Kavya,Pandey
5896,Gayatri,Khurana
5897,Omkar,Venkat
5898,Elan,Patel
5899,Aarav,Bhatia
5900,Umar,Ghosh
5901,Lata,Iyer
5902,Devraj,Yadav
5903,Rohit,Dalal
5904,Falak,Issar
5905,Indira,Khanna
5906,Deepa,Desai
5907,Indira,Patel
5908,Nalini,Rajan
5909,Nandini,Bhatt
5910,Mohan,Dhawan
5911,Rohit,Nair
5912,Xavier,Reddy
5913,Gaurav,Bhatt
5914,Vimal,Chavan
5915,Dinesh,Das
5916,Omkar,Krishnan
5917,Tariq,Tandon
5918,Anand,Chandra
5919,Nikhil,Qureshi
5920,Santosh,Jindal
5921,Hitesh,Venkat
5922,Suresh,Dubey
5923,Sunita,Khurana
5924,Nilesh,Oberoi
5925,Isha,Subramaniam
5926,Qasim,Das
5927,Rahul,Mehta
5928,Rahul,Kumar
5929,Isha,Balaji
5930,Manish,Shinde
5931,Kamala,Chadha
5932,Radha,Kulkarni
5933,Pooja,Kumar
5934,Nandini,Chandra
5935,Disha,Chowdhury
5936,Ananya,Modi
5937,Gaurav,Jain
5938,Deepa,Juneja
5939,Tariq,Hora
5940,Rajesh,Chowdhury
5941,Jaya,Khanna
5942,Isha,Naidu
5943,Tanvi,Sen
5944,Meera,Pillai
5945,Gopal,Chandra
5946,Mohan,Banerjee
5947,Gaurav,Bajpai
5948,Ravi,Kulkarni
5949,Aisha,Issar
5950,Prashant,Upadhyay
5951,Rakesh,Sen
5952,Vanita,Anand
5953,Vinita,Kapoor
5954,Anjali,Vohra
5955,Omkar,Srivastava
5956,Wasim,Thakkar
5957,Anushka,Venkat
5958,Xavier,Natarajan
5959,Hemant,Joshi
5960,Usha,Das
5961,Mahesh,Shinde
5962,Lata,Mishra
5963,Sanjay,Rastogi
5964,Zara,Dixit
5965,Riya,Shinde
5966,Aditya,Bhosale
5967,Vikram,Modi
5968,Qasim,Naidu
5969,Qasim,Tripathi
5970,Akash,Saxena
5971,Radha,Krishnan
5972,Aditya,Srivastava
5973,Tanvi,Chopra
5974,Sachin,Gupta
5975,Amit,Khanna
5976,Krishnan,Kulkarni
5977,Pranav,Mittal
5978,Salim,Yadav
5979,Aditya,Das
5980,Pradeep,Chandra
5981,Rahul,Patel
5982,Falak,Chowdhury
5983,Dinesh,Saxena
5984,Meera,Kapoor
5985,Vimal,Thakkar
5986,Tanvi,Balaji
5987,Tanvi,Dalal
5988,Vikram,Kadam
5989,Divya,Qureshi
5990,Kavya,Mukherjee
5991,Elan,Naidu
5992,Rakesh,Pahwa
5993,Kiran,Zutshi
5994,Qasim,Mishra
5995,Pavan,Bose
5996,Wasim,Iyer
5997,Bharat,Kulkarni
5998,Rakesh,Chandra
5999,Ravi,Subramaniam
6000,Wasim,Bhatt
6001,Tariq,Bhatia
6002,Santosh,Pandey
6003,Rahul,Mane
6004,Vimal,Srivastava
6005,Farhan,Ghosh
6006,Rakesh,Patel
6007,Sunita,Bhatt
6008,Lakshmi,Patil
6009,Meera,Sharma
6010,Dhruv,Dubey
6011,Suresh,Juneja
6012,Pradeep,Pawar
6013,Pradeep,Khurana
6014,Santosh,Roy
6015,Jagdish,Dubey
6016,Kamala,Malhotra
6017,Abhi,Tiwari
6018,Jaya,Sharma
6019,Nandini,Bahl
6020,Disha,Iyer
6021,Riya,Sharma
6022,Tariq,Parikh
6023,Gaurav,Issar
6024,Disha,Bajpai
6025,Prashant,Naidu
6026,Vikram,Balaji
6027,Sanjay,Upadhyay
6028,Deepa,Ghosh
6029,Harish,Menon
6030,Sachin,Naidu
6031,Riya,Natarajan
6032,Amit,Ghosh
6033,Prakash,Grover
6034,Anushka,Juneja
6035,Vikram,Kumar
6036,Ravi,Dhawan
6037,Geeta,Goyal
6038,Sachin,Menon
6039,Rajesh,Rastogi
6040,Santosh,Krishnan
6041,Jagdish,Dwivedi
6042,Gayatri,Pandey
6043,Deepak,Swamy
6044,Deepa,Kulkarni
6045,Rakesh,Bajpai
6046,Wasim,Krishnan
6047,Aarti,Rao
6048,Usha,Dhawan
6049,Sachin,Banerjee
6050,Usha,Balaji
6051,Arjun,Bhatt
6052,Ananya,Bhatt
6053,Nandini,Menon
6054,Aisha,Dubey
6055,Elan,Dubey
6056,Tariq,Jadhav
6057,Geeta,Goyal
6058,Mohan,Mittal
6059,Isha,Kapoor
6060,Neha,Ghosh
6061,Anushka,Bhosale
6062,Jaya,Chandra
6063,Pranav,Pahwa
6064,Qasim,Deshpande
6065,Gayatri,Desai
6066,Sanjay,Srivastava
6067,Lata,Shah
6068,Farhan,Verma
6069,Jagdish,Balaji
6070,Tariq,Anand
6071,Rashid,Sinha
6072,Mahesh,Patil
6073,Xavier,Chopra
6074,Aisha,Saxena
6075,Hema,Zutshi
6076,Girish,Garg
6077,Mahesh,Shinde
6078,Gayatri,Juneja
6079,Mohan,Nagpal
6080,Chitra,Tandon
6081,Vidya,Walia
6082,Radha,Singh
6083,Sachin,Lamba
6084,Pranav,Bose
6085,Bharat,Kulkarni
6086,Wasim,Mehta
6087,Deepa,Lamba
6088,Indira,Mukherjee
6089,Gayatri,Trivedi
6090,Vinita,Reddy
6091,Pradeep,Shukla
6092,Elan,Pillai
6093,Vidya,Chowdhury
6094,Amit,Pawar
6095,Dhruv,Saxena
6096,Gaurav,Roy
6097,Mohan,Srinivasan
6098,Sachin,Chowdhury
6099,Shivam,Singh
6100,Xavier,Tandon
6101,Prashant,Malhotra
6102,Kamala,Juneja
6103,Sunita,Sharma
6104,Rajesh,Grover
6105,Pradeep,Upadhyay
6106,Krishnan,Dhawan
6107,Priya,Jindal
6108,Kiran,Sen
6109,Vinita,Chopra
6110,Priya,Saxena
6111,Aisha,Iyer
6112,Isha,Dixit
6113,Falak,Reddy
6114,Gopal,Bhosale
6115,Hitesh,Issar
6116,Dhruv,Dhawan
6117,Mohan,Hora
6118,Naveen,Tandon
6119,Mohan,Bose
6120,Ananya,Pillai
6121,Shivam,Bhatia
6122,Nikhil,Lamba
6123,Falak,Srivastava
6124,Nikhil,Yadav
6125,Umar,Dwivedi
6126,Hitesh,Sharma
6127,Santosh,Rao
6128,Gaurav,Mishra
6129,Kiran,Naidu
6130,Nalini,Madan
6131,Rajesh,Desai
6132,Akash,Anand
6133,Pooja,Goyal
6134,Vimal,Patil
6135,Gopal,Mukherjee
6136,Elan,Goyal
6137,Aisha,Saxena
6138,Girish,Bhatt
6139,Qasim,Krishnan
6140,Harish,Bhosale
6141,Gayatri,Shah
6142,Amit,Saxena
6143,Bhavna,Verma
6144,Sushma,Tripathi
6145,Disha,Jindal
6146,Xavier,Juneja
6147,Riya,Kapoor
6148,Tanvi,Thakkar
6149,Pranav,Dalal
6150,Kamala,Joshi
6151,Bharat,Dhawan
6152,Ravi,Sharma
6153,Farhan,Mehta
6154,Sachin,Vohra
6155,Akash,Srivastava
6156,Anjali,Srinivasan
6157,Aarav,Chowdhury
6158,Jagdish,Anand
6159,Nalini,Kulkarni
6160,Mahesh,Sinha
6161,Santosh,Sen
6162,Hema,Chadha
6163,Mahesh,Modi
6164,Qasim,Tripathi
6165,Rohit,Kumar
6166,Pavan,Jain
6167,Manish,Dwivedi
6168,Manish,Naidu
6169,Tariq,Dwivedi
6170,Sushma,Mehta
6171,Krishnan,Trivedi
6172,Harish,Roy
6173,Deepa,Mane
6174,Kiran,Shinde
6175,Zara,Roy
6176,Hema,Joshi
6177,Pradeep,Saxena
6178,Riya,Balaji
6179,Rahul,Shah
6180,Hitesh,Modi
6181,Nandini,Modi
6182,Devraj,Malhotra
6183,Sneha,Balaji
6184,Bharat,Singh
6185,Divya,Balaji
6186,Jagdish,Pawar
6187,Pradeep,Srinivasan
6188,Santosh,Rastogi
6189,Mohan,Bose
6190,Yash,Jadhav
6191,Shivam,Tiwari
6192,Pooja,Mishra
6193,Varun,Desai
6194,Umar,Dixit
6195,Sneha,Sen
6196,Ravi,Kulkarni
6197,Anand,Saxena
6198,Aditya,Srinivasan
6199,Qasim,Shinde
6200,Aarav,Pawar
6201,Shivam,Pillai
6202,Omkar,Reddy
6203,Anand,Jain
6204,Nikhil,Goyal
6205,Arjun,Murthy
6206,Elan,Kadam
6207,Nikhil,Lamba
6208,Anjali,Dalal
6209,Shivam,Balaji
6210,Rashid,Bhatt
6211,Pradeep,Lamba
6212,Devraj,Roy
6213,Hema,Malhotra
6214,Mohan,Kumar
6215,Suresh,Parekh
6216,Nikhil,Kadam
6217,Qasim,Jadhav
6218,Riya,Modi
6219,Dinesh,Kulkarni
6220,Neha,Dwivedi
6221,Omkar,Qureshi
6222,Aarav,Sharma
6223,Pranav,Shinde
6224,Akash,Bhatia
6225,Mala,Rastogi
6226,Usha,Pillai
6227,Tanvi,Rajan
6228,Naveen,Parekh
6229,Farhan,Garg
6230,Aarti,Shukla
6231,Aisha,Zutshi
6232,Priya,Sinha
6233,Gayatri,Saxena
6234,Aditya,Chopra
6235,Prashant,Subramaniam
6236,Salim,Bahl
6237,Aarav,Chadha
6238,Xavier,Trivedi
6239,Anushka,Mukherjee
6240,Yash,Garg
6241,Pooja,Malhotra
6242,Umar,Garg
6243,Harish,Tripathi
6244,Qasim,Shinde
6245,Indira,Anand
6246,Hitesh,Desai
6247,Umar,Venkat
6248,Nikhil,Balaji
6249,Rohit,Oberoi
6250,Mohan,Bhatt
6251,Devraj,Chavan
6252,Aditya,Deshpande
6253,Yash,Pandey
6254,Krishnan,Murthy
6255,Dinesh,Juneja
6256,Pooja,Rao
6257,Sunita,Srinivasan
6258,Sanjay,Sen
6259,Manish,Shinde
6260,Deepa,Shukla
6261,Nandini,Naidu
6262,Arjun,Chowdhury
6263,Deepa,Modi
6264,Umar,Pahwa
6265,Hemant,Nagpal
6266,Ramesh,Deshpande
6267,Jagdish,Natarajan
6268,Pavan,Patel
6269,Anand,Zutshi
6270,Santosh,Das
6271,Wasim,Tiwari
6272,Ravi,Pandey
6273,Bharat,Bose
6274,Elan,Bajpai
6275,Prashant,Srivastava
6276,Radha,Pandey
6277,Pradeep,Upadhyay
6278,Shivam,Qureshi
6279,Gaurav,Pillai
6280,Meera,Chatterjee
6281,Tariq,Kapoor
6282,Girish,Bhatt
6283,Rohit,Menon
6284,Gayatri,Gupta
6285,Anjali,Kapoor
6286,Sanjay,Mehta
6287,Chetan,Thakkar
6288,Nalini,Upadhyay
6289,Nilesh,Rao
6290,Ramesh,Khanna
6291,Ananya,Sethi
6292,Amit,Iyer
6293,Vanita,Upadhyay
6294,Falak,Venkat
6295,Indira,Verma
6296,Lakshmi,Juneja
6297,Sunita,Jadhav
6298,Vimal,Mukherjee
6299,Gayatri,Saxena
6300,Manish,Sethi
6301,Harish,Mehta
6302,Girish,Walia
6303,Gayatri,Mehta
6304,Aarti,Jain
6305,Shivam,Bajpai
6306,Umar,Das
6307,Vikram,Madan
6308,Rajesh,Bhatia
6309,Vimal,Rastogi
6310,Santosh,Sharma
6311,Nalini,Parekh
6312,Sachin,Juneja
6313,Krishnan,Juneja
6314,Farhan,Mishra
6315,Akash,Issar
6316,Akash,Pawar
6317,Pranav,Grover
6318,Jaya,Jain
6319,Bharat,Oberoi
6320,Sunita,Kumar
6321,Anand,Srivastava
6322,Umar,Nambiar
6323,Rohit,Kapoor
6324,Tariq,Krishnan
6325,Priya,Pawar
6326,Shivam,Pawar
6327,Krishnan,Chowdhury
6328,Aisha,Subramaniam
6329,Ravi,Jain
6330,Vidya,Anand
6331,Varun,Tripathi
6332,Deepa,Deshpande
6333,Girish,Lamba
6334,Nilesh,Zutshi
6335,Aditya,Pawar
6336,Ravi,Swamy
6337,Riya,Garg
6338,Xavier,Sen
6339,Arjun,Nambiar
6340,Dinesh,Dalal
6341,Wasim,Rao
6342,Falak,Bajpai
6343,Anushka,Tiwari
6344,Pranav,Khurana
6345,Riya,Srinivasan
6346,Wasim,Chatterjee
6347,Anand,Srivastava
6348,Krishnan,Malhotra
6349,Nikhil,Dalal
6350,Nilesh,Modi
6351,Amit,Patil
6352,Suresh,Chowdhury
6353,Meera,Das
6354,Amit,Parekh
6355,Indira,Khurana
6356,Rakesh,Mukherjee
6357,Prashant,Mukherjee
6358,Jaya,Shukla
6359,Disha,Mane
6360,Ramesh,Sen
6361,Naveen,Yadav
6362,Naveen,Bajpai
6363,Deepak,Chadha
6364,Krishnan,Roy
6365,Gopal,Kadam
6366,Lata,Krishnan
6367,Zara,Rajan
6368,Isha,Mukherjee
6369,Pooja,Saxena
6370,Vikram,Shukla
6371,Pavan,Modi
6372,Mohan,Kulkarni
6373,Arjun,Trivedi
6374,Shivam,Nambiar
6375,Shivam,Mane
6376,Bhavna,Gupta
6377,Rashid,Goyal
6378,Salim,Saxena
6379,Zara,Kapoor
6380,Nikhil,Chopra
6381,Aarti,Grover
6382,Mala,Jindal
6383,Aarti,Venkat
6384,Pranav,Kapoor
6385,Aryan,Nagpal
6386,Gopal,Bahl
6387,Yash,Bose
6388,Hemant,Rajan
6389,Amit,Srinivasan
6390,Krishnan,Trivedi
6391,Riya,Upadhyay
6392,Salim,Hora
6393,Prakash,Balaji
6394,Mohan,Malhotra
6395,Zara,Balaji
6396,Hema,Krishnan
6397,Isha,Iyer
6398,Aarti,Agarwal
6399,Hema,Joshi
6400,Nikhil,Chandra
6401,Deepak,Bhosale
6402,Shweta,Madan
6403,Radha,Kumar
6404,Nilesh,Dhawan
6405,Krishnan,Pahwa
6406,Naveen,Kumar
6407,Qasim,Bhatia
6408,Devraj,Venkat
6409,Pranav,Balaji
6410,Hitesh,Patel
6411,Pradeep,Jindal
6412,Elan,Bahl
6413,Kamala,Kulkarni
6414,Meera,Tiwari
6415,Hitesh,Bose
6416,Pavan,Pawar
6417,Nikhil,Nair
6418,Indira,Juneja
6419,Priya,Pawar
6420,Xavier,Dalal
6421,Vidya,Patil
6422,Nalini,Rajan
6423,Pavan,Sharma
6424,Vikram,Deshpande
6425,Anjali,Chopra
6426,Indira,Dixit
6427,Vikram,Singh
6428,Devraj,Chadha
6429,Shweta,Desai
6430,Anand,Srinivasan
6431,Aarav,Yadav
6432,Pooja,Jadhav
6433,Suresh,Shinde
6434,Ananya,Bhatt
6435,Sanjay,Lamba
6436,Wasim,Dwivedi
6437,Vanita,Patil
6438,Hemant,Nagpal
6439,Aditya,Singh
6440,Qasim,Bahl
6441,Priya,Bhosale
6442,Anjali,Chatterjee
6443,Amit,Bhatt
6444,Gayatri,Nambiar
6445,Dhruv,Dwivedi
6446,Sunita,Patil
6447,Vikram,Shinde
6448,Lakshmi,Dubey
6449,Ravi,Pawar
6450,Mahesh,Dubey
6451,Vanita,Oberoi
6452,Bhavna,Thakkar
6453,Nilesh,Natarajan
6454,Isha,Chatterjee
6455,Aarti,Khanna
6456,Vimal,Modi
6457,Chitra,Thakkar
6458,Girish,Swamy
6459,Esha,Trivedi
6460,Aryan,Mishra
6461,Chetan,Rao
6462,Hitesh,Deshpande
6463,Radha,Gupta
6464,Prakash,Dwivedi
6465,Nalini,Dalal
6466,Vimal,Iyer
6467,Chitra,Pillai
6468,Aisha,Pawar
6469,Sneha,Qureshi
6470,Elan,Vohra
6471,Shweta,Sharma
6472,Bharat,Grover
6473,Mahesh,Malhotra
6474,Bhavna,Chandra
6475,Tariq,Thakkar
6476,Deepa,Mane
6477,Deepak,Mishra
6478,Bharat,Iyer
6479,Hemant,Pawar
6480,Kamala,Chavan
6481,Mohan,Dixit
6482,Sanjay,Natarajan
6483,Pavan,Khanna
6484,Rahul,Jindal
6485,Wasim,Kadam
6486,Lata,Parikh
6487,Mahesh,Nair
6488,Lata,Parikh
6489,Neha,Murthy
6490,Nilesh,Grover
6491,Rakesh,Roy
6492,Amit,Walia
6493,Naveen,Naidu
6494,Ananya,Pawar
6495,Chitra,Khurana
6496,Mala,Venkat
6497,Dhruv,Mishra
6498,Neha,Chopra
6499,Girish,Mittal
6500,Nandini,Naidu
6501,Disha,Agarwal
6502,Aarav,Chadha
6503,Salim,Goyal
6504,Chetan,Banerjee
6505,Prakash,Bhatia
6506,Falak,Naidu
6507,Zara,Khurana
6508,Tanvi,Kadam
6509,Ravi,Lamba
6510,Dhruv,Tiwari
6511,Chitra,Dwivedi
6512,Rahul,Lamba
6513,Rakesh,Sharma
6514,Kamala,Kadam
6515,Arjun,Pawar
6516,Sushma,Khurana
6517,Jagdish,Modi
6518,Aisha,Juneja
6519,Sanjay,Shinde
6520,Bharat,Jindal
6521,Gayatri,Tripathi
6522,Yash,Chatterjee
6523,Ravi,Iyer
6524,Rashid,Hora
6525,Pradeep,Kulkarni
6526,Disha,Kadam
6527,Akash,Banerjee
6528,Deepa,Mehta
6529,Chitra,Bhatt
6530,Rakesh,Jain
6531,Aarav,Goyal
6532,Xavier,Bahl
6533,Hemant,Das
6534,Aarav,Naidu
6535,Anushka,Venkat
6536,Nandini,Zutshi
6537,Meera,Dixit
6538,Kamala,Iyer
6539,Sushma,Rastogi
6540,Omkar,Murthy
6541,Vidya,Pandey
6542,Pranav,Desai
6543,Aarti,Murthy
6544,Radha,Shinde
6545,Rajesh,Malhotra
6546,Nandini,Chavan
6547,Aryan,Shinde
6548,Kavya,Srinivasan
6549,Nalini,Pandey
6550,Shivam,Menon
6551,Prakash,Bhatia
6552,Esha,Mittal
6553,Rashid,Bhatt
6554,Isha,Menon
6555,Gopal,Kumar
6556,Priya,Sen
6557,Rakesh,Modi
6558,Mala,Kumar
6559,Nandini,Anand
6560,Elan,Menon
6561,Tanvi,Das
6562,Zara,Bose
6563,Elan,Parikh
6564,Pavan,Mishra
6565,Rajesh,Tiwari
6566,Prakash,Naidu
6567,Aditya,Swamy
6568,Girish,Nagpal
6569,Abhi,Srivastava
6570,Pranav,Pandey
6571,Manish,Shah
6572,Bharat,Patel
6573,Dhruv,Bhatia
6574,Bharat,Bahl
6575,Sneha,Patil
6576,Hema,Krishnan
6577,Vanita,Roy
6578,Nilesh,Pillai
6579,Bhavna,Upadhyay
6580,Meera,Modi
6581,Riya,Mishra
6582,Umar,Shukla
6583,Chitra,Dubey
6584,Gaurav,Kadam
6585,Zara,Ghosh
6586,Sanjay,Ghosh
6587,Shweta,Reddy
6588,Jagdish,Chopra
6589,Xavier,Shah
6590,Isha,Roy
6591,Vanita,Walia
6592,Gaurav,Pillai
6593,Mahesh,Iyer
6594,Neha,Srivastava
6595,Kiran,Balaji
6596,Usha,Srinivasan
6597,Aarti,Ghosh
6598,Dhruv,Banerjee
6599,Geeta,Srivastava
6600,Akash,Jain
6601,Farhan,Walia
6602,Anjali,Mittal
6603,Santosh,Agarwal
6604,Santosh,Parekh
6605,Dhruv,Singh
6606,Pradeep,Mane
6607,Gayatri,Rao
6608,Gopal,Kadam
6609,Lakshmi,Jadhav
6610,Tanvi,Swamy
6611,Aarav,Dixit
6612,Neha,Pandey
6613,Pavan,Natarajan
6614,Harish,Nagpal
6615,Jagdish,Bose
6616,Sanjay,Zutshi
6617,Kiran,Pahwa
6618,Usha,Jain
6619,Vikram,Subramaniam
6620,Santosh,Patel
6621,Dhruv,Khanna
6622,Rakesh,Shah
6623,Xavier,Bhatt
6624,Priya,Bajpai
6625,Devraj,Menon
6626,Qasim,Zutshi
6627,Harish,Dhawan
6628,Rakesh,Oberoi
6629,Usha,Patel
6630,Disha,Reddy
6631,Deepak,Banerjee
6632,Usha,Chatterjee
6633,Lata,Zutshi
6634,Bhavna,Venkat
6635,Neha,Murthy
6636,Dinesh,Chopra
6637,Ananya,Chopra
6638,Dinesh,Hora
6639,Deepa,Pillai
6640,Meera,Qureshi
6641,Nikhil,Venkat
6642,Deepa,Joshi
6643,Omkar,Saxena
6644,Vinita,Madan
6645,Deepak,Bhosale
6646,Rakesh,Balaji
6647,Chitra,Rajan
6648,Akash,Natarajan
6649,Bharat,Reddy
6650,Vinita,Pahwa
6651,Xavier,Bhatia
6652,Deepak,Dwivedi
6653,Aarti,Chopra
6654,Mala,Patel
6655,Falak,Chatterjee
6656,Sunita,Upadhyay
6657,Mohan,Dwivedi
6658,Umar,Bhosale
6659,Chetan,Sethi
6660,Naveen,Deshpande
6661,Neha,Roy
6662,Nandini,Nagpal
6663,Pavan,Kapoor
6664,Chitra,Nair
6665,Anand,Chadha
6666,Ravi,Naidu
6667,Aditya,Kulkarni
6668,Arjun,Rastogi
6669,Geeta,Banerjee
6670,Elan,Banerjee
6671,Rashid,Nair
6672,Vinita,Upadhyay
6673,Kamala,Vohra
6674,Prakash,Menon
6675,Dhruv,Goyal
6676,Deepak,Nair
6677,Abhi,Nambiar
6678,Kiran,Kumar
6679,Abhi,Dalal
6680,Nilesh,Desai
6681,Rajesh,Bhatt
6682,Anjali,Swamy
6683,Shweta,Tripathi
6684,Rajesh,Shinde
6685,Elan,Bhatt
6686,Kiran,Oberoi
6687,Santosh,Madan
6688,Hema,Venkat
6689,Meera,Mukherjee
6690,Suresh,Khurana
6691,Lakshmi,Patil
6692,Isha,Nagpal
6693,Girish,Tiwari
6694,Nandini,Swamy
6695,Rajesh,Anand
6696,Rahul,Yadav
6697,Kiran,Nagpal
6698,Pavan,Roy
6699,Pradeep,Shah
6700,Geeta,Mishra
6701,Hitesh,Verma
6702,Bhavna,Mehta
6703,Geeta,Yadav
6704,Falak,Das
6705,Sushma,Modi
6706,Deepak,Chopra
6707,Priya,Bhatt
6708,Nikhil,Garg
6709,Deepa,Pawar
6710,Shweta,Goyal
6711,Aarav,Goyal
6712,Santosh,Bhatt
6713,Girish,Jain
6714,Mohan,Chadha
6715,Kiran,Pandey
6716,Deepak,Deshpande
6717,Mohan,Das
6718,Gayatri,Kadam
6719,Pradeep,Nagpal
6720,Dhruv,Oberoi
6721,Anushka,Jain
6722,Sushma,Kapoor
6723,Xavier,Desai
6724,Disha,Rajan
6725,Rakesh,Singh
6726,Shweta,Sethi
6727,Aarti,Modi
6728,Sanjay,Thakkar
6729,Dhruv,Shinde
6730,Akash,Reddy
6731,Priya,Nair
6732,Hitesh,Bahl
6733,Abhi,Mittal
6734,Deepak,Pandey
6735,Rohit,Parekh
6736,Vinita,Mane
6737,Nandini,Gupta
6738,Pavan,Srinivasan
6739,Qasim,Pawar
6740,Omkar,Tiwari
6741,Harish,Mehta
6742,Sushma,Pandey
6743,Prashant,Venkat
6744,Mala,Parekh
6745,Sushma,Nair
6746,Suresh,Hora
6747,Tariq,Rastogi
6748,Umar,Mane
6749,Prashant,Bhosale
6750,Aditya,Juneja
6751,Vimal,Kumar
6752,Sunita,Pandey
6753,Rahul,Joshi
6754,Pranav,Singh
6755,Hemant,Thakkar
6756,Anjali,Rao
6757,Ravi,Patil
6758,Lata,Tiwari
6759,Vimal,Bahl
6760,Sanjay,Yadav
6761,Ananya,Bahl
6762,Hemant,Sen
6763,Dhruv,Malhotra
6764,Varun,Banerjee
6765,Usha,Patel
6766,Rohit,Nagpal
6767,Yash,Parekh
6768,Pavan,Singh
6769,Indira,Saxena
6770,Neha,Murthy
6771,Deepa,Nair
6772,Gopal,Pillai
6773,Kiran,Chowdhury
6774,Wasim,Juneja
6775,Amit,Verma
6776,Rajesh,Thakkar
6777,Salim,Roy
6778,Xavier,Srivastava
6779,Kavya,Chowdhury
6780,Gayatri,Mane
6781,Dhruv,Pandey
6782,Pranav,Issar
6783,Nikhil,Parikh
6784,Prashant,Dalal
6785,Indira,Natarajan
6786,Devraj,Parikh
6787,Vanita,Patil
6788,Salim,Kulkarni
6789,Zara,Dubey
6790,Elan,Issar
6791,Omkar,Thakkar
6792,Priya,Chopra
6793,Aryan,Bahl
6794,Pooja,Bajpai
6795,Dhruv,Khurana
6796,Usha,Thakkar
6797,Jaya,Goyal
6798,Anand,Oberoi
6799,Mahesh,Balaji
6800,Sachin,Jadhav
6801,Gopal,Shukla
6802,Salim,Jadhav
6803,Farhan,Issar
6804,Anushka,Joshi
6805,Radha,Chopra
6806,Bhavna,Desai
6807,Kavya,Issar
6808,Wasim,Mukherjee
6809,Bharat,Mishra
6810,Deepa,Gupta
6811,Aditya,Venkat
6812,Pooja,Pawar
6813,Omkar,Bajpai
6814,Ramesh,Sharma
6815,Pranav,Banerjee
6816,Priya,Mittal
6817,Vinita,Venkat
6818,Dinesh,Balaji
6819,Sanjay,Dhawan
6820,Jagdish,Balaji
6821,Nilesh,Parikh
6822,Bhavna,Grover
6823,Hema,Rao
6824,Lata,Natarajan
6825,Tanvi,Agarwal
6826,Shivam,Oberoi
6827,Pooja,Thakkar
6828,Priya,Mittal
6829,Tanvi,Menon
6830,Devraj,Mukherjee
6831,Suresh,Srivastava
6832,Aryan,Mukherjee
6833,Tanvi,Rajan
6834,Riya,Dhawan
6835,Vanita,Walia
6836,Nikhil,Singh
6837,Chitra,Srivastava
6838,Rahul,Deshpande
6839,Pranav,Jain
6840,Vanita,Tiwari
6841,Devraj,Tripathi
6842,Sachin,Nair
6843,Tanvi,Joshi
6844,Hitesh,Kadam
6845,Tariq,Lamba
6846,Aarti,Bhosale
6847,Gaurav,Patel
6848,Deepa,Bose
6849,Yash,Modi
6850,Girish,Sen
6851,Varun,Mishra
6852,Hemant,Banerjee
6853,Kamala,Dixit
6854,Prashant,Jain
6855,Prashant,Subramaniam
6856,Farhan,Modi
6857,Deepak,Grover
6858,Farhan,Krishnan
6859,Lata,Sharma
6860,Pooja,Menon
6861,Abhi,Bajpai
6862,Devraj,Bajpai
6863,Vikram,Reddy
6864,Neha,Dwivedi
6865,Shweta,Rao
6866,Shweta,Issar
6867,Arjun,Tripathi
6868,Salim,Patil
6869,Deepak,Dubey
6870,Kiran,Das
6871,Yash,Grover
6872,Qasim,Yadav
6873,Vimal,Jindal
6874,Aarti,Thakkar
6875,Nilesh,Reddy
6876,Vikram,Thakkar
6877,Sneha,Deshpande
6878,Ramesh,Chavan
6879,Usha,Bajpai
6880,Gopal,Chopra
6881,Bhavna,Rajan
6882,Shivam,Shinde
6883,Rashid,Mane
6884,Deepak,Tripathi
6885,Krishnan,Bajpai
6886,Yash,Pillai
6887,Bharat,Oberoi
6888,Amit,Khurana
6889,Gopal,Balaji
6890,Salim,Natarajan
6891,Nikhil,Sharma
6892,Ramesh,Rajan
6893,Kiran,Gupta
6894,Tanvi,Garg
6895,Hema,Mukherjee
6896,Sunita,Chandra
6897,Aarti,Patil
6898,Lakshmi,Swamy
6899,Disha,Shinde
6900,Bhavna,Kulkarni
6901,Vidya,Mukherjee
6902,Anjali,Singh
6903,Mahesh,Tiwari
6904,Anjali,Verma
6905,Tanvi,Venkat
6906,Gayatri,Bajpai
6907,Nalini,Pahwa
6908,Kavya,Malhotra
6909,Arjun,Grover
6910,Santosh,Kumar
6911,Vinita,Juneja
6912,Gopal,Juneja
6913,Anushka,Zutshi
6914,Riya,Walia
6915,Disha,Bhatt
6916,Gopal,Khurana
6917,Lakshmi,Bahl
6918,Tanvi,Khanna
6919,Vinita,Bose
6920,Anjali,Chadha
6921,Mohan,Bajpai
6922,Shweta,Goyal
6923,Vimal,Tandon
6924,Gayatri,Walia
6925,Jaya,Jadhav
6926,Geeta,Zutshi
6927,Sushma,Mehta
6928,Salim,Kulkarni
6929,Ramesh,Khanna
6930,Ananya,Dalal
6931,Esha,Jadhav
6932,Mahesh,Patil
6933,Chitra,Tiwari
6934,Lakshmi,Shinde
6935,Manish,Modi
6936,Pranav,Dixit
6937,Jagdish,Mukherjee
6938,Elan,Venkat
6939,Hemant,Juneja
6940,Rahul,Menon
6941,Pranav,Anand
6942,Farhan,Shukla
6943,Hema,Modi
6944,Pranav,Krishnan
6945,Naveen,Sinha
6946,Meera,Deshpande
6947,Yash,Dhawan
6948,Nilesh,Chavan
6949,Krishnan,Rastogi
6950,Vimal,Dalal
6951,Rahul,Singh
6952,Gaurav,Parikh
6953,Sachin,Madan
6954,Hitesh,Lamba
6955,Pradeep,Iyer
6956,Prakash,Joshi
6957,Prashant,Khurana
6958,Chetan,Parikh
6959,Elan,Dubey
6960,Mohan,Dhawan
6961,Falak,Ghosh
6962,Deepa,Jindal
6963,Farhan,Jain
6964,Elan,Hora
6965,Nandini,Tiwari
6966,Bharat,Nambiar
6967,Shivam,Chowdhury
6968,Farhan,Pawar
6969,Prakash,Jain
6970,Falak,Dhawan
6971,Arjun,Reddy
6972,Umar,Venkat
6973,Dinesh,Khurana
6974,Salim,Chadha
6975,Esha,Chatterjee
6976,Rohit,Parekh
6977,Aryan,Anand
6978,Prakash,Pandey
6979,Deepak,Kulkarni
6980,Deepa,Nambiar
6981,Jagdish,Venkat
6982,Kamala,Patel
6983,Pooja,Roy
6984,Kamala,Tiwari
6985,Pavan,Oberoi
6986,Radha,Gupta
6987,Ravi,Walia
6988,Aditya,Oberoi
6989,Indira,Patil
6990,Naveen,Bahl
6991,Anushka,Tripathi
6992,Radha,Issar
6993,Riya,Chowdhury
6994,Suresh,Sharma
6995,Pavan,Shinde
6996,Riya,Jadhav
6997,Chetan,Tiwari
6998,Hema,Kapoor
6999,Nikhil,Sharma
7000,Kamala,Reddy
7001,Rajesh,Chandra
7002,Sachin,Sinha
7003,Sachin,Chadha
7004,Nilesh,Yadav
7005,Varun,Sinha
7006,Hemant,Venkat
7007,Bhavna,Kulkarni
7008,Pavan,Rastogi
7009,Lata,Chadha
7010,Omkar,Dhawan
7011,Sachin,Juneja
7012,Pradeep,Chatterjee
7013,Mala,Chandra
7014,Girish,Nambiar
7015,Kiran,Mishra
7016,Pradeep,Jadhav
7017,Mala,Modi
7018,Deepak,Kapoor
7019,Amit,Hora
7020,Riya,Verma
7021,Anjali,Saxena
7022,Mahesh,Rastogi
7023,Rajesh,Juneja
7024,Pavan,Kapoor
7025,Gaurav,Agarwal
7026,Anjali,Tandon
7027,Lata,Kumar
7028,Sushma,Shinde
7029,Nandini,Singh
7030,Anushka,Vohra
7031,Prakash,Mittal
7032,Anushka,Krishnan
7033,Ramesh,Chadha
7034,Rahul,Naidu
7035,Hema,Mittal
7036,Nandini,Joshi
7037,Rohit,Dalal
7038,Radha,Tripathi
7039,Girish,Mehta
7040,Rajesh,Jadhav
7041,Abhi,Singh
7042,Deepak,Chandra
7043,Aryan,Patil
7044,Harish,Singh
7045,Gopal,Sinha
7046,Krishnan,Goyal
7047,Vinita,Bhatt
7048,Omkar,Rastogi
7049,Anand,Mehta
7050,Elan,Ghosh
7051,Nilesh,Iyer
7052,Aarav,Chopra
7053,Neha,Chandra
7054,Santosh,Parekh
7055,Kiran,Grover
7056,Riya,Banerjee
7057,Varun,Pawar
7058,Devraj,Yadav
7059,Dhruv,Joshi
7060,Neha,Srivastava
7061,Rajesh,Qureshi
7062,Nilesh,Bose
7063,Rohit,Dhawan
7064,Harish,Rajan
7065,Dinesh,Srinivasan
7066,Xavier,Bhatt
7067,Vinita,Goyal
7068,Sanjay,Reddy
7069,Sneha,Gupta
7070,Usha,Nagpal
7071,Aarav,Tiwari
7072,Suresh,Patel
7073,Manish,Dhawan
7074,Indira,Bahl
7075,Radha,Reddy
7076,Sanjay,Lamba
7077,Deepak,Grover
7078,Umar,Mittal
7079,Pranav,Trivedi
7080,Gayatri,Mane
7081,Mahesh,Oberoi
7082,Vidya,Pawar
7083,Anushka,Madan
7084,Sneha,Chadha
7085,Ananya,Das
7086,Nilesh,Desai
7087,Sachin,Rao
7088,Esha,Rastogi
7089,Jagdish,Swamy
7090,Nilesh,Rajan
7091,Harish,Sethi
7092,Hemant,Kadam
7093,Mahesh,Rao
7094,Vimal,Srinivasan
7095,Hitesh,Grover
7096,Aditya,Juneja
7097,Sushma,Grover
7098,Radha,Tandon
7099,Riya,Madan
7100,Suresh,Balaji
7101,Arjun,Swamy
7102,Sunita,Iyer
7103,Deepa,Iyer
7104,Shivam,Dwivedi
7105,Ananya,Tandon
7106,Chetan,Balaji
7107,Varun,Chowdhury
7108,Gopal,Naidu
7109,Kavya,Mittal
7110,Umar,Upadhyay
7111,Girish,Chopra
7112,Nalini,Balaji
7113,Mala,Patel
7114,Meera,Tiwari
7115,Divya,Menon
7116,Vikram,Chadha
7117,Salim,Qureshi
7118,Santosh,Jain
7119,Gaurav,Srivastava
7120,Vanita,Singh
7121,Isha,Dixit
7122,Usha,Pillai
7123,Meera,Lamba
7124,Sunita,Chandra
7125,Suresh,Khanna
7126,Gayatri,Zutshi
7127,Jaya,Tandon
7128,Pranav,Jindal
7129,Salim,Nambiar
7130,Nandini,Malhotra
7131,Sneha,Jain
7132,Disha,Thakkar
7133,Aditya,Chopra
7134,Aarti,Chavan
7135,Divya,Madan
7136,Vinita,Nair
7137,Varun,Hora
7138,Zara,Hora
7139,Salim,Chandra
7140,Zara,Bajpai
7141,Gaurav,Subramaniam
7142,Rohit,Chavan
7143,Arjun,Nagpal
7144,Aditya,Chatterjee
7145,Aryan,Dixit
7146,Hemant,Joshi
7147,Salim,Upadhyay
7148,Prakash,Madan
7149,Radha,Anand
7150,Riya,Bose
7151,Krishnan,Ghosh
7152,Farhan,Gupta
7153,Riya,Chatterjee
7154,Bhavna,Patil
7155,Lata,Singh
7156,Isha,Bahl
7157,Rajesh,Mane
7158,Ravi,Chopra
7159,Tariq,Khurana
7160,Gopal,Thakkar
7161,Anand,Anand
7162,Lata,Vohra
7163,Gayatri,Pawar
7164,Shivam,Balaji
7165,Amit,Sen
7166,Varun,Pahwa
7167,Gopal,Mishra
7168,Salim,Dixit
7169,Indira,Verma
7170,Aditya,Malhotra
7171,Abhi,Dixit
7172,Pradeep,Subramaniam
7173,Omkar,Shinde
7174,Usha,Mishra
7175,Sanjay,Dhawan
7176,Nikhil,Mehta
7177,Riya,Agarwal
7178,Varun,Sinha
7179,Kiran,Tripathi
7180,Bhavna,Gupta
7181,Krishnan,Mane
7182,Naveen,Chavan
7183,Rajesh,Murthy
7184,Aarav,Pandey
7185,Jaya,Garg
7186,Girish,Deshpande
7187,Pooja,Dwivedi
7188,Harish,Jain
7189,Harish,Murthy
7190,Deepa,Srivastava
7191,Pooja,Rajan
7192,Aditya,Bhatt
7193,Vidya,Jadhav
7194,Deepak,Khurana
7195,Abhi,Desai
7196,Yash,Chatterjee
7197,Chetan,Iyer
7198,Umar,Das
7199,Elan,Murthy
7200,Sneha,Shah
7201,Aarti,Oberoi
7202,Tariq,Nair
7203,Deepak,Malhotra
7204,Anjali,Walia
7205,Aryan,Juneja
7206,Krishnan,Agarwal
7207,Rajesh,Murthy
7208,Pooja,Kulkarni
7209,Xavier,Chopra
7210,Vinita,Bajpai
7211,Qasim,Khurana
7212,Mohan,Sethi
7213,Tanvi,Oberoi
7214,Kavya,Verma
7215,Vanita,Bhatt
7216,Deepa,Kapoor
7217,Pavan,Hora
7218,Priya,Krishnan
7219,Tanvi,Roy
7220,Aarav,Chadha
7221,Lakshmi,Nair
7222,Kavya,Oberoi
7223,Nilesh,Jadhav
7224,Vikram,Madan
7225,Amit,Zutshi
7226,Suresh,Jain
7227,Anushka,Balaji
7228,Harish,Tiwari
7229,Varun,Kapoor
7230,Vimal,Shah
7231,Amit,Roy
7232,Sunita,Pahwa
7233,Gaurav,Sethi
7234,Sachin,Modi
7235,Dinesh,Chopra
7236,Krishnan,Modi
7237,Chitra,Zutshi
7238,Jagdish,Bahl
7239,Krishnan,Murthy
7240,Deepak,Balaji
7241,Hema,Banerjee
7242,Vinita,Oberoi
7243,Gayatri,Sinha
7244,Pooja,Ghosh
7245,Hemant,Deshpande
7246,Meera,Grover
7247,Pranav,Dubey
7248,Sachin,Trivedi
7249,Nilesh,Jadhav
7250,Vikram,Chavan
7251,Rajesh,Kapoor
7252,Priya,Das
7253,Tanvi,Gupta
7254,Vinita,Parikh
7255,Umar,Chowdhury
7256,Girish,Sen
7257,Suresh,Thakkar
7258,Radha,Naidu
7259,Kavya,Issar
7260,Varun,Menon
7261,Elan,Issar
7262,Chetan,Bhatt
7263,Krishnan,Menon
7264,Deepak,Vohra
7265,Wasim,Mishra
7266,Omkar,Pillai
7267,Gayatri,Issar
7268,Yash,Kulkarni
7269,Shivam,Chowdhury
7270,Anjali,Upadhyay
7271,Chitra,Dalal
7272,Anushka,Dubey
7273,Amit,Garg
7274,Sneha,Nagpal
7275,Lakshmi,Malhotra
7276,Radha,Singh
7277,Hema,Shukla
7278,Riya,Dubey
7279,Qasim,Jain
7280,Bharat,Tiwari
7281,Mohan,Saxena
7282,Prakash,Chatterjee
7283,Vimal,Roy
7284,Jagdish,Parikh
7285,Priya,Shinde
7286,Mohan,Bajpai
7287,Usha,Issar
7288,Gopal,Tripathi
7289,Shweta,Iyer
7290,Sneha,Deshpande
7291,Falak,Chavan
7292,Nikhil,Kulkarni
7293,Prakash,Pillai
7294,Vinita,Upadhyay
7295,Krishnan,Oberoi
7296,Dhruv,Dubey
7297,Pooja,Subramaniam
7298,Harish,Malhotra
7299,Nikhil,Thakkar
7300,Amit,Roy
7301,Sunita,Naidu
7302,Gopal,Khurana
7303,Sneha,Mukherjee
7304,Hema,Zutshi
7305,Aryan,Das
7306,Kiran,Iyer
7307,Falak,Bhatia
7308,Jagdish,Nambiar
7309,Qasim,Dubey
7310,Divya,Nair
7311,Girish,Dhawan
7312,Girish,Mehta
7313,Yash,Rao
7314,Deepa,Bhosale
7315,Hema,Venkat
7316,Hitesh,Pandey
7317,Isha,Dubey
7318,Nandini,Parikh
7319,Sunita,Garg
7320,Prakash,Khurana
7321,Rajesh,Kumar
7322,Prakash,Gupta
7323,Zara,Shukla
7324,Shweta,Ghosh
7325,Varun,Sinha
7326,Deepa,Chavan
7327,Gayatri,Dubey
7328,Umar,Thakkar
7329,Shivam,Mishra
7330,Divya,Venkat
7331,Ramesh,Sharma
7332,Vimal,Bahl
7333,Nilesh,Subramaniam
7334,Krishnan,Shukla
7335,Aarav,Tandon
7336,Anushka,Jindal
7337,Vikram,Parikh
7338,Rashid,Tiwari
7339,Harish,Saxena
7340,Pooja,Anand
7341,Qasim,Verma
7342,Vanita,Garg
7343,Nalini,Tiwari
7344,Krishnan,Hora
7345,Aarti,Srinivasan
7346,Shivam,Venkat
7347,Rahul,Banerjee
7348,Elan,Bahl
7349,Aditya,Khanna
7350,Sneha,Sharma
7351,Indira,Garg
7352,Priya,Thakkar
7353,Abhi,Chatterjee
7354,Gayatri,Joshi
7355,Lakshmi,Chavan
7356,Kavya,Bhatt
7357,Disha,Kulkarni
7358,Sneha,Parikh
7359,Riya,Kulkarni
7360,Kavya,Bhatia
7361,Bhavna,Roy
7362,Lakshmi,Issar
7363,Dinesh,Das
7364,Mohan,Upadhyay
7365,Santosh,Qureshi
7366,Pooja,Kumar
7367,Devraj,Upadhyay
7368,Yash,Yadav
7369,Xavier,Bhatt
7370,Vikram,Agarwal
7371,Wasim,Dalal
7372,Nandini,Srinivasan
7373,Aryan,Rastogi
7374,Gaurav,Banerjee
7375,Dinesh,Yadav
7376,Shivam,Murthy
7377,Lakshmi,Sinha
7378,Shivam,Khurana
7379,Devraj,Khurana
7380,Pranav,Bahl
7381,Pavan,Chowdhury
7382,Tariq,Ghosh
7383,Kiran,Bajpai
7384,Divya,Menon
7385,Santosh,Anand
7386,Naveen,Upadhyay
7387,Rohit,Deshpande
7388,Gopal,Gupta
7389,Rakesh,Oberoi
7390,Sachin,Tandon
7391,Priya,Nair
7392,Hitesh,Subramaniam
7393,Anushka,Tandon
7394,Indira,Goyal
7395,Hitesh,Pawar
7396,Mahesh,Khurana
7397,Deepak,Sharma
7398,Arjun,Bhatia
7399,Sachin,Srivastava
7400,Radha,Chavan
7401,Suresh,Dhawan
7402,Chitra,Chavan
7403,Kamala,Jadhav
7404,Gaurav,Saxena
7405,Mahesh,Parikh
7406,Anand,Parikh
7407,Nilesh,Jain
7408,Tariq,Iyer
7409,Ravi,Sharma
7410,Deepa,Chavan
7411,Aryan,Patil
7412,Abhi,Desai
7413,Chetan,Jadhav
7414,Devraj,Vohra
7415,Xavier,Bahl
7416,Rakesh,Issar
7417,Kavya,Rajan
7418,Sunita,Mane
7419,Hemant,Bahl
7420,Rohit,Swamy
7421,Hemant,Balaji
7422,Abhi,Rajan
7423,Xavier,Sinha
7424,Usha,Jain
7425,Nandini,Grover
7426,Aarav,Iyer
7427,Indira,Patil
7428,Pavan,Subramaniam
7429,Girish,Khurana
7430,Prakash,Murthy
7431,Divya,Rastogi
7432,Sanjay,Oberoi
7433,Pradeep,Tiwari
7434,Sushma,Srivastava
7435,Falak,Kadam
7436,Bhavna,Jain
7437,Chitra,Shinde
7438,Priya,Mane
7439,Salim,Chavan
7440,Qasim,Zutshi
7441,Pooja,Jindal
7442,Tariq,Lamba
7443,Gaurav,Grover
7444,Nilesh,Menon
7445,Hema,Pillai
7446,Neha,Chadha
7447,Sachin,Kumar
7448,Ravi,Chowdhury
7449,Prakash,Bhatia
7450,Kamala,Chavan
7451,Nalini,Pawar
7452,Omkar,Shinde
7453,Rakesh,Bhatia
7454,Jagdish,Kadam
7455,Vimal,Kulkarni
7456,Pradeep,Dwivedi
7457,Sanjay,Srivastava
7458,Varun,Reddy
7459,Sneha,Dhawan
7460,Ravi,Pawar
7461,Kiran,Krishnan
7462,Rohit,Pahwa
7463,Amit,Khurana
7464,Salim,Bahl
7465,Naveen,Srinivasan
7466,Nilesh,Balaji
7467,Sachin,Juneja
7468,Ravi,Agarwal
7469,Bhavna,Chowdhury
7470,Rakesh,Sen
7471,Kavya,Sen
7472,Amit,Pahwa
7473,Jaya,Modi
7474,Sunita,Deshpande
7475,Tanvi,Nagpal
7476,Amit,Kapoor
7477,Naveen,Khurana
7478,Elan,Parikh
7479,Deepak,Reddy
7480,Suresh,Mehta
7481,Prakash,Bhatia
7482,Radha,Shah
7483,Dhruv,Bhosale
7484,Aryan,Dubey
7485,Shivam,Vohra
7486,Hema,Parekh
7487,Farhan,Jain
7488,Divya,Tripathi
7489,Elan,Shah
7490,Manish,Chowdhury
7491,Gayatri,Kulkarni
7492,Pradeep,Iyer
7493,Arjun,Nagpal
7494,Sanjay,Murthy
7495,Mahesh,Jindal
7496,Farhan,Issar
7497,Aisha,Rastogi
7498,Esha,Gupta
7499,Naveen,Patil
7500,Gaurav,Khanna
7501,Pranav,Modi
7502,Umar,Chatterjee
7503,Yash,Goyal
7504,Meera,Goyal
7505,Zara,Das
7506,Usha,Mukherjee
7507,Prashant,Natarajan
7508,Kamala,Pillai
7509,Yash,Chavan
7510,Krishnan,Singh
7511,Elan,Madan
7512,Hema,Bhosale
7513,Kavya,Jain
7514,Qasim,Yadav
7515,Anushka,Roy
7516,Naveen,Srinivasan
7517,Chitra,Tripathi
7518,Vidya,Reddy
7519,Kiran,Juneja
7520,Sachin,Malhotra
7521,Pooja,Chavan
7522,Nandini,Bose
7523,Vinita,Dwivedi
7524,Santosh,Goyal
7525,Suresh,Agarwal
7526,Chetan,Chatterjee
7527,Falak,Qureshi
7528,Gayatri,Kadam
7529,Divya,Kadam
7530,Deepa,Rao
7531,Priya,Mehta
7532,Omkar,Verma
7533,Deepa,Kulkarni
7534,Shivam,Balaji
7535,Santosh,Mishra
7536,Yash,Sinha
7537,Pradeep,Juneja
7538,Vanita,Banerjee
7539,Tanvi,Mittal
7540,Krishnan,Jain
7541,Naveen,Parekh
7542,Deepak,Murthy
7543,Salim,Bhatia
7544,Bhavna,Bhatia
7545,Yash,Sinha
7546,Aarav,Rajan
7547,Geeta,Madan
7548,Mala,Jindal
7549,Manish,Bhosale
7550,Sunita,Nambiar
7551,Tanvi,Mukherjee
7552,Aarti,Dixit
7553,Sachin,Ghosh
7554,Gopal,Mehta
7555,Usha,Ghosh
7556,Lakshmi,Sinha
7557,Bharat,Srinivasan
7558,Salim,Jadhav
7559,Anjali,Juneja
7560,Nalini,Parikh
7561,Chitra,Rajan
7562,Sushma,Zutshi
7563,Dinesh,Bhosale
7564,Mala,Garg
7565,Vidya,Nagpal
7566,Arjun,Trivedi
7567,Zara,Menon
7568,Ananya,Mehta
7569,Pradeep,Tripathi
7570,Manish,Patel
7571,Kamala,Pawar
7572,Nalini,Balaji
7573,Bharat,Mukherjee
7574,Anjali,Sinha
7575,Nalini,Balaji
7576,Pooja,Tandon
7577,Sneha,Malhotra
7578,Pavan,Agarwal
7579,Esha,Mehta
7580,Rakesh,Dalal
7581,Falak,Verma
7582,Kavya,Dalal
7583,Harish,Zutshi
7584,Naveen,Gupta
7585,Prashant,Agarwal
7586,Santosh,Sethi
7587,Divya,Mukherjee
7588,Qasim,Modi
7589,Aarav,Pillai
7590,Disha,Jain
7591,Nandini,Parekh
7592,Rahul,Ghosh
7593,Nilesh,Grover
7594,Varun,Pawar
7595,Sneha,Patel
7596,Vinita,Kumar
7597,Xavier,Trivedi
7598,Sanjay,Mehta
7599,Mahesh,Jindal
7600,Ramesh,Dixit
7601,Abhi,Nambiar
7602,Kavya,Saxena
7603,Suresh,Chadha
7604,Divya,Mukherjee
7605,Dinesh,Chopra
7606,Suresh,Modi
7607,Bharat,Bhosale
7608,Akash,Kulkarni
7609,Gayatri,Naidu
7610,Kamala,Shinde
7611,Salim,Madan
7612,Umar,Tandon
7613,Anjali,Verma
7614,Chetan,Chavan
7615,Bharat,Upadhyay
7616,Prakash,Rao
7617,Rohit,Dalal
7618,Rashid,Agarwal
7619,Varun,Sethi
7620,Vikram,Gupta
7621,Vimal,Yadav
7622,Falak,Mane
7623,Vikram,Naidu
7624,Kavya,Chadha
7625,Sneha,Parekh
7626,Nilesh,Pillai
7627,Dinesh,Dhawan
7628,Jaya,Venkat
7629,Deepak,Dubey
7630,Qasim,Roy
7631,Shivam,Parekh
7632,Chetan,Garg
7633,Zara,Patel
7634,Hema,Naidu
7635,Prakash,Shinde
7636,Zara,Gupta
7637,Rashid,Subramaniam
7638,Nikhil,Trivedi
7639,Tariq,Rastogi
7640,Vinita,Sharma
7641,Farhan,Kumar
7642,Rajesh,Reddy
7643,Geeta,Murthy
7644,Elan,Rastogi
7645,Vikram,Anand
7646,Xavier,Bahl
7647,Rakesh,Gupta
7648,Elan,Shah
7649,Bharat,Bajpai
7650,Rahul,Issar
7651,Prakash,Reddy
7652,Deepa,Chandra
7653,Aryan,Dalal
7654,Ananya,Jindal
7655,Sachin,Tiwari
7656,Aarav,Desai
7657,Lakshmi,Patel
7658,Vimal,Kumar
7659,Anushka,Bhosale
7660,Suresh,Nair
7661,Harish,Menon
7662,Elan,Gupta
7663,Isha,Bhosale
7664,Santosh,Chadha
7665,Sneha,Oberoi
7666,Salim,Dixit
7667,Yash,Naidu
7668,Radha,Balaji
7669,Harish,Madan
7670,Sneha,Chandra
7671,Sunita,Kapoor
7672,Omkar,Srivastava
7673,Aisha,Natarajan
7674,Girish,Mane
7675,Anushka,Bhatt
7676,Aisha,Goyal
7677,Qasim,Khanna
7678,Pranav,Singh
7679,Lata,Reddy
7680,Gaurav,Vohra
7681,Kavya,Garg
7682,Akash,Yadav
7683,Nandini,Walia
7684,Shweta,Bhosale
7685,Wasim,Natarajan
7686,Wasim,Subramaniam
7687,Anushka,Nagpal
7688,Anjali,Parikh
7689,Sneha,Khanna
7690,Chetan,Srinivasan
7691,Suresh,Khurana
7692,Dinesh,Sinha
7693,Prashant,Thakkar
7694,Salim,Chadha
7695,Vikram,Dwivedi
7696,Gayatri,Shukla
7697,Ananya,Shah
7698,Ananya,Natarajan
7699,Zara,Naidu
7700,Zara,Sen
7701,Chetan,Verma
7702,Manish,Nagpal
7703,Ravi,Kulkarni
7704,Geeta,Parikh
7705,Devraj,Pawar
7706,Usha,Mittal
7707,Salim,Murthy
7708,Akash,Roy
7709,Bhavna,Modi
7710,Pranav,Bose
7711,Bharat,Chadha
7712,Hemant,Anand
7713,Nikhil,Kulkarni
7714,Vinita,Dubey
7715,Pradeep,Patel
7716,Sachin,Agarwal
7717,Rakesh,Singh
7718,Rashid,Krishnan
7719,Chetan,Shah
7720,Sneha,Chandra
7721,Rashid,Parekh
7722,Qasim,Murthy
7723,Akash,Kulkarni
7724,Lakshmi,Tiwari
7725,Esha,Das
7726,Abhi,Kulkarni
7727,Shivam,Banerjee
7728,Hemant,Kumar
7729,Radha,Sethi
7730,Indira,Sen
7731,Wasim,Naidu
7732,Yash,Kumar
7733,Rajesh,Shukla
7734,Kavya,Tripathi
7735,Usha,Reddy
7736,Disha,Tandon
7737,Hitesh,Bahl
7738,Rohit,Chatterjee
7739,Prashant,Parekh
7740,Farhan,Desai
7741,Abhi,Bahl
7742,Rohit,Bhosale
7743,Sunita,Venkat
7744,Ramesh,Roy
7745,Suresh,Chandra
7746,Jagdish,Shukla
7747,Mohan,Pillai
7748,Farhan,Mukherjee
7749,Bharat,Deshpande
7750,Mahesh,Jindal
7751,Umar,Bose
7752,Arjun,Jain
7753,Vanita,Krishnan
7754,Abhi,Patil
7755,Sushma,Gupta
7756,Rohit,Swamy
7757,Disha,Sinha
7758,Esha,Agarwal
7759,Pranav,Dixit
7760,Pranav,Nagpal
7761,Shivam,Thakkar
7762,Sachin,Pawar
7763,Prashant,Sinha
7764,Sanjay,Yadav
7765,Manish,Dubey
7766,Gopal,Dwivedi
7767,Santosh,Rastogi
7768,Rajesh,Chopra
7769,Ananya,Chopra
7770,Devraj,Dalal
7771,Lakshmi,Sinha
7772,Prashant,Lamba
7773,Gaurav,Chadha
7774,Xavier,Chavan
7775,Bharat,Chandra
7776,Chetan,Sharma
7777,Rahul,Rastogi
7778,Devraj,Chadha
7779,Manish,Murthy
7780,Vimal,Reddy
7781,Xavier,Pillai
7782,Zara,Ghosh
7783,Chitra,Rajan
7784,Vidya,Iyer
7785,Lata,Mane
7786,Mohan,Gupta
7787,Qasim,Nagpal
7788,Gopal,Bose
7789,Kamala,Mittal
7790,Mahesh,Pillai
7791,Rajesh,Garg
7792,Divya,Chopra
7793,Sushma,Pandey
7794,Kiran,Lamba
7795,Tariq,Dixit
7796,Pooja,Dhawan
7797,Riya,Ghosh
7798,Omkar,Mane
7799,Qasim,Khurana
7800,Sunita,Madan
7801,Neha,Chadha
7802,Gaurav,Kumar
7803,Amit,Nagpal
7804,Gayatri,Dixit
7805,Tariq,Murthy
7806,Salim,Dhawan
7807,Rashid,Dixit
7808,Sushma,Sinha
7809,Falak,Nagpal
7810,Meera,Dalal
7811,Gopal,Chowdhury
7812,Kavya,Dubey
7813,Mala,Madan
7814,Amit,Reddy
7815,Shweta,Jindal
7816,Gaurav,Kumar
7817,Wasim,Natarajan
7818,Aditya,Qureshi
7819,Rahul,Kapoor
7820,Chetan,Parikh
7821,Isha,Hora
7822,Shweta,Anand
7823,Naveen,Shah
7824,Shweta,Garg
7825,Vikram,Bhatia
7826,Gopal,Banerjee
7827,Bharat,Kulkarni
7828,Naveen,Naidu
7829,Usha,Chadha
7830,Nilesh,Murthy
7831,Hemant,Singh
7832,Jaya,Lamba
7833,Elan,Walia
7834,Kamala,Pahwa
7835,Ananya,Upadhyay
7836,Aarav,Hora
7837,Aisha,Zutshi
7838,Akash,Agarwal
7839,Girish,Dalal
7840,Mohan,Grover
7841,Mala,Oberoi
7842,Mala,Chandra
7843,Shweta,Singh
7844,Suresh,Zutshi
7845,Krishnan,Kumar
7846,Lata,Dubey
7847,Sushma,Khanna
7848,Aditya,Ghosh
7849,Priya,Malhotra
7850,Ananya,Pawar
7851,Aditya,Parikh
7852,Vimal,Chatterjee
7853,Riya,Parikh
7854,Rakesh,Patil
7855,Hitesh,Nagpal
7856,Rashid,Desai
7857,Rajesh,Grover
7858,Varun,Nagpal
7859,Kamala,Pillai
7860,Aryan,Chavan
7861,Nilesh,Dalal
7862,Falak,Upadhyay
7863,Chetan,Tripathi
7864,Qasim,Issar
7865,Arjun,Chatterjee
7866,Lata,Singh
7867,Deepa,Qureshi
7868,Gaurav,Tandon
7869,Akash,Chavan
7870,Mala,Jindal
7871,Prakash,Parekh
7872,Mahesh,Chopra
7873,Aarti,Zutshi
7874,Sneha,Tiwari
7875,Sachin,Lamba
7876,Aryan,Tandon
7877,Geeta,Agarwal
7878,Radha,Banerjee
7879,Aditya,Kumar
7880,Qasim,Lamba
7881,Deepa,Thakkar
7882,Rajesh,Mittal
7883,Disha,Parikh
7884,Mohan,Malhotra
7885,Mahesh,Khanna
7886,Ramesh,Garg
7887,Pranav,Sinha
7888,Qasim,Subramaniam
7889,Tanvi,Rao
7890,Dinesh,Dubey
7891,Geeta,Juneja
7892,Anjali,Hora
7893,Xavier,Dhawan
7894,Naveen,Dhawan
7895,Sneha,Murthy
7896,Rajesh,Kapoor
7897,Pranav,Goyal
7898,Kamala,Yadav
7899,Divya,Bhatia
7900,Gayatri,Reddy
7901,Ramesh,Dalal
7902,Nilesh,Dubey
7903,Nalini,Subramaniam
7904,Pavan,Chavan
7905,Mala,Pillai
7906,Yash,Goyal
7907,Rakesh,Grover
7908,Jagdish,Chandra
7909,Vanita,Nair
7910,Vidya,Mane
7911,Lata,Shinde
7912,Ramesh,Bose
7913,Suresh,Chavan
7914,Rohit,Pahwa
7915,Nikhil,Dalal
7916,Mahesh,Nair
7917,Esha,Sinha
7918,Xavier,Goyal
7919,Bhavna,Bose
7920,Vidya,Sethi
7921,Usha,Singh
7922,Akash,Srinivasan
7923,Wasim,Dhawan
7924,Deepak,Kadam
7925,Vidya,Patil
7926,Pradeep,Srivastava
7927,Nalini,Nambiar
7928,Lakshmi,Bhosale
7929,Santosh,Agarwal
7930,Santosh,Nambiar
7931,Indira,Chavan
7932,Indira,Saxena
7933,Pooja,Modi
7934,Vikram,Pandey
7935,Ramesh,Gupta
7936,Amit,Malhotra
7937,Radha,Rajan
7938,Vikram,Grover
7939,Pavan,Reddy
7940,Indira,Grover
7941,Mahesh,Swamy
7942,Vidya,Lamba
7943,Pranav,Parikh
7944,Ananya,Kulkarni
7945,Pranav,Bhatt
7946,Vinita,Nair
7947,Qasim,Bhatt
7948,Elan,Grover
7949,Sachin,Qureshi
7950,Tanvi,Patel
7951,Priya,Garg
7952,Sushma,Patel
7953,Amit,Dhawan
7954,Divya,Bhatt
7955,Yash,Banerjee
7956,Umar,Mittal
7957,Aarti,Pillai
7958,Gayatri,Chatterjee
7959,Vidya,Desai
7960,Arjun,Dubey
7961,Farhan,Trivedi
7962,Sushma,Mehta
7963,Disha,Natarajan
7964,Ramesh,Reddy
7965,Radha,Bhatt
7966,Gopal,Agarwal
7967,Nilesh,Natarajan
7968,Bhavna,Singh
7969,Mala,Saxena
7970,Umar,Das
7971,Pavan,Tiwari
7972,Naveen,Qureshi
7973,Gayatri,Malhotra
7974,Zara,Sen
7975,Ramesh,Rastogi
7976,Shweta,Srivastava
7977,Ananya,Mukherjee
7978,Santosh,Hora
7979,Mala,Chopra
7980,Abhi,Pawar
7981,Nandini,Anand
7982,Rakesh,Dwivedi
7983,Mala,Krishnan
7984,Vidya,Chavan
7985,Disha,Rao
7986,Mala,Goyal
7987,Nilesh,Bhatt
7988,Falak,Goyal
7989,Sanjay,Rao
7990,Disha,Dalal
7991,Anand,Dixit
7992,Lakshmi,Rastogi
7993,Rajesh,Hora
7994,Chitra,Dalal
7995,Bharat,Chadha
7996,Nandini,Pandey
7997,Rakesh,Shinde
7998,Mala,Zutshi
7999,Sunita,Subramaniam
8000,Rakesh,Juneja
8001,Riya,Zutshi
8002,Priya,Chatterjee
8003,Rahul,Pahwa
8004,Girish,Pillai
8005,Sachin,Chadha
8006,Rahul,Vohra
8007,Wasim,Sinha
8008,Anushka,Khanna
8009,Mohan,Thakkar
8010,Vanita,Kulkarni
8011,Rashid,Rao
8012,Dinesh,Tripathi
8013,Shweta,Madan
8014,Deepak,Pillai
8015,Anand,Qureshi
8016,Falak,Chowdhury
8017,Kamala,Lamba
8018,Elan,Swamy
8019,Bharat,Das
8020,Santosh,Bhosale
8021,Harish,Chopra
8022,Suresh,Goyal
8023,Hema,Chadha
8024,Shivam,Trivedi
8025,Divya,Mane
8026,Jaya,Yadav
8027,Esha,Murthy
8028,Sushma,Jain
8029,Sunita,Krishnan
8030,Sushma,Srivastava
8031,Prakash,Chadha
8032,Jaya,Singh
8033,Pavan,Das
8034,Ravi,Zutshi
8035,Nalini,Pillai
8036,Mala,Tripathi
8037,Pooja,Trivedi
8038,Rashid,Parekh
8039,Bharat,Chowdhury
8040,Rahul,Jain
8041,Pranav,Parekh
8042,Ananya,Madan
8043,Nandini,Modi
8044,Zara,Nair
8045,Sunita,Kumar
8046,Anand,Mehta
8047,Bharat,Balaji
8048,Vidya,Balaji
8049,Tanvi,Patel
8050,Mohan,Jain
8051,Divya,Oberoi
8052,Bharat,Mittal
8053,Riya,Srivastava
8054,Wasim,Murthy
8055,Krishnan,Malhotra
8056,Pooja,Joshi
8057,Esha,Reddy
8058,Prashant,Modi
8059,Umar,Pillai
8060,Anand,Grover
8061,Chitra,Shah
8062,Aditya,Bajpai
8063,Kiran,Dwivedi
8064,Rashid,Chadha
8065,Xavier,Thakkar
8066,Ananya,Kulkarni
8067,Dhruv,Rastogi
8068,Vimal,Oberoi
8069,Chitra,Parikh
8070,Aisha,Sethi
8071,Sunita,Swamy
8072,Hemant,Patel
8073,Elan,Bhosale
8074,Rajesh,Nambiar
8075,Dinesh,Mane
8076,Priya,Desai
8077,Vinita,Mishra
8078,Bharat,Tripathi
8079,Krishnan,Das
8080,Pradeep,Srivastava
8081,Chetan,Bhatia
8082,Hema,Gupta
8083,Nikhil,Dixit
8084,Isha,Rajan
8085,Kavya,Mittal
8086,Riya,Reddy
8087,Radha,Garg
8088,Mahesh,Chavan
8089,Anand,Dwivedi
8090,Varun,Bajpai
8091,Nikhil,Menon
8092,Sachin,Murthy
8093,Rohit,Das
8094,Omkar,Issar
8095,Nikhil,Sen
8096,Varun,Yadav
8097,Aditya,Nagpal
8098,Esha,Krishnan
8099,Priya,Sen
8100,Omkar,Bhatt
8101,Aisha,Singh
8102,Sachin,Tiwari
8103,Esha,Thakkar
8104,Rashid,Sen
8105,Mala,Patel
8106,Qasim,Banerjee
8107,Zara,Goyal
8108,Santosh,Dalal
8109,Sachin,Anand
8110,Dhruv,Mukherjee
8111,Vimal,Kapoor
8112,Girish,Trivedi
8113,Prashant,Joshi
8114,Neha,Garg
8115,Varun,Tandon
8116,Nilesh,Oberoi
8117,Xavier,Reddy
8118,Abhi,Shinde
8119,Arjun,Dwivedi
8120,Anushka,Modi
8121,Rajesh,Oberoi
8122,Elan,Sethi
8123,Rashid,Yadav
8124,Kavya,Srivastava
8125,Geeta,Agarwal
8126,Radha,Reddy
8127,Rakesh,Chandra
8128,Vinita,Jadhav
8129,Nalini,Dixit
8130,Ravi,Agarwal
8131,Zara,Balaji
8132,Sachin,Goyal
8133,Qasim,Chatterjee
8134,Deepa,Pawar
8135,Ananya,Desai
8136,Pavan,Kadam
8137,Pranav,Rastogi
8138,Vidya,Nagpal
8139,Aisha,Zutshi
8140,Deepak,Krishnan
8141,Farhan,Rao
8142,Shivam,Balaji
8143,Shivam,Patel
8144,Jaya,Dwivedi
8145,Isha,Jain
8146,Indira,Bahl
8147,Rohit,Dhawan
8148,Pranav,Natarajan
8149,Qasim,Deshpande
8150,Anushka,Sethi
8151,Aarav,Pillai
8152,Radha,Parikh
8153,Farhan,Upadhyay
8154,Vidya,Malhotra
8155,Deepa,Anand
8156,Gopal,Mane
8157,Prashant,Mittal
8158,Gopal,Chavan
8159,Hema,Juneja
8160,Vikram,Walia
8161,Pavan,Pandey
8162,Vimal,Khurana
8163,Amit,Bhosale
8164,Sushma,Mittal
8165,Priya,Das
8166,Shivam,Dubey
8167,Sushma,Thakkar
8168,Geeta,Singh
8169,Nandini,Kapoor
8170,Geeta,Dubey
8171,Sanjay,Upadhyay
8172,Shivam,Bajpai
8173,Gopal,Bhatia
8174,Anjali,Tripathi
8175,Disha,Singh
8176,Anushka,Jain
8177,Lata,Bhosale
8178,Vanita,Tandon
8179,Anand,Jindal
8180,Sneha,Balaji
8181,Kavya,Deshpande
8182,Kavya,Srinivasan
8183,Amit,Patel
8184,Mala,Deshpande
8185,Gopal,Saxena
8186,Pranav,Kadam
8187,Tariq,Jindal
8188,Falak,Dixit
8189,Suresh,Naidu
8190,Ramesh,Sharma
8191,Pavan,Pillai
8192,Meera,Hora
8193,Anand,Iyer
8194,Jaya,Hora
8195,Deepak,Mishra
8196,Bharat,Trivedi
8197,Vinita,Srinivasan
8198,Salim,Nair
8199,Gaurav,Khanna
8200,Prakash,Parikh
8201,Sushma,Dubey
8202,Suresh,Natarajan
8203,Devraj,Malhotra
8204,Vikram,Dalal
8205,Ravi,Bajpai
8206,Vidya,Goyal
8207,Rajesh,Swamy
8208,Sneha,Murthy
8209,Girish,Srivastava
8210,Varun,Anand
8211,Kiran,Murthy
8212,Abhi,Qureshi
8213,Arjun,Pandey
8214,Devraj,Dalal
8215,Hitesh,Balaji
8216,Aisha,Desai
8217,Isha,Tiwari
8218,Bharat,Bhatt
8219,Devraj,Walia
8220,Disha,Pandey
8221,Jagdish,Zutshi
8222,Shweta,Dwivedi
8223,Ravi,Pandey
8224,Rahul,Mishra
8225,Priya,Mehta
8226,Radha,Kapoor
8227,Omkar,Banerjee
8228,Vinita,Murthy
8229,Anand,Reddy
8230,Gopal,Kadam
8231,Shweta,Chadha
8232,Girish,Issar
8233,Abhi,Pandey
8234,Kiran,Swamy
8235,Dinesh,Khanna
8236,Priya,Rajan
8237,Bharat,Bhosale
8238,Farhan,Sinha
8239,Pavan,Pandey
8240,Aditya,Naidu
8241,Salim,Joshi
8242,Aarti,Chowdhury
8243,Zara,Shinde
8244,Rohit,Jain
8245,Shweta,Murthy
8246,Mohan,Issar
8247,Sneha,Bose
8248,Nikhil,Lamba
8249,Hitesh,Thakkar
8250,Sanjay,Subramaniam
8251,Vikram,Juneja
8252,Mala,Trivedi
8253,Xavier,Parekh
8254,Pooja,Upadhyay
8255,Qasim,Srivastava
8256,Falak,Jadhav
8257,Dhruv,Pandey
8258,Vanita,Banerjee
8259,Bhavna,Qureshi
8260,Omkar,Bhatt
8261,Bhavna,Oberoi
8262,Aarav,Srinivasan
8263,Mahesh,Krishnan
8264,Kiran,Bhosale
8265,Deepa,Pahwa
8266,Gaurav,Dalal
8267,Anushka,Sen
8268,Prakash,Anand
8269,Sneha,Kumar
8270,Farhan,Sen
8271,Aryan,Mukherjee
8272,Girish,Walia
8273,Radha,Bajpai
8274,Shivam,Jindal
8275,Farhan,Sharma
8276,Shweta,Murthy
8277,Ravi,Patel
8278,Vanita,Walia
8279,Pranav,Hora
8280,Tariq,Vohra
8281,Kiran,Khanna
8282,Anand,Mishra
8283,Sunita,Jain
8284,Hitesh,Chowdhury
8285,Jagdish,Mishra
8286,Qasim,Shinde
8287,Aditya,Patil
8288,Deepak,Mane
8289,Shweta,Walia
8290,Aisha,Dwivedi
8291,Tanvi,Hora
8292,Hemant,Swamy
8293,Girish,Patil
8294,Tariq,Krishnan
8295,Rajesh,Dhawan
8296,Salim,Banerjee
8297,Mohan,Bhosale
8298,Hema,Malhotra
8299,Pavan,Srinivasan
8300,Vimal,Venkat
8301,Aryan,Anand
8302,Pavan,Mane
8303,Arjun,Sen
8304,Zara,Mehta
8305,Jaya,Pahwa
8306,Chitra,Mittal
8307,Sneha,Sethi
8308,Disha,Modi
8309,Sachin,Bahl
8310,Isha,Srinivasan
8311,Chitra,Menon
8312,Chetan,Chowdhury
8313,Sachin,Bhatt
8314,Sneha,Patil
8315,Neha,Tiwari
8316,Deepak,Jain
8317,Rakesh,Pawar
8318,Chitra,Jindal
8319,Girish,Hora
8320,Farhan,Sen
8321,Zara,Yadav
8322,Zara,Deshpande
8323,Shweta,Deshpande
8324,Rajesh,Issar
8325,Rajesh,Khurana
8326,Kamala,Bhatt
8327,Nikhil,Kapoor
8328,Amit,Singh
8329,Falak,Grover
8330,Manish,Bhosale
8331,Arjun,Sethi
8332,Disha,Iyer
8333,Sneha,Khanna
8334,Deepak,Tiwari
8335,Gopal,Issar
8336,Aryan,Gupta
8337,Xavier,Dalal
8338,Vanita,Thakkar
8339,Gaurav,Trivedi
8340,Kavya,Madan
8341,Riya,Chopra
8342,Mahesh,Qureshi
8343,Rohit,Juneja
8344,Sushma,Parekh
8345,Rahul,Dubey
8346,Deepak,Balaji
8347,Wasim,Sethi
8348,Akash,Reddy
8349,Sushma,Dixit
8350,Rahul,Murthy
8351,Gopal,Tiwari
8352,Hema,Kumar
8353,Bharat,Naidu
8354,Devraj,Kulkarni
8355,Nikhil,Pahwa
8356,Anand,Subramaniam
8357,Falak,Tiwari
8358,Vanita,Rastogi
8359,Santosh,Rajan
8360,Riya,Yadav
8361,Arjun,Dhawan
8362,Farhan,Chavan
8363,Falak,Natarajan
8364,Aarti,Hora
8365,Mala,Tandon
8366,Sushma,Agarwal
8367,Akash,Kapoor
8368,Kamala,Kulkarni
8369,Aryan,Khurana
8370,Mala,Rastogi
8371,Jagdish,Sen
8372,Mala,Thakkar
8373,Aarav,Thakkar
8374,Tanvi,Garg
8375,Pavan,Rastogi
8376,Aarti,Garg
8377,Aarav,Shukla
8378,Naveen,Gupta
8379,Sanjay,Saxena
8380,Naveen,Oberoi
8381,Umar,Mukherjee
8382,Esha,Dalal
8383,Elan,Bose
8384,Aarav,Khurana
8385,Rashid,Bhosale
8386,Rashid,Nambiar
8387,Girish,Pandey
8388,Hemant,Pahwa
8389,Pranav,Krishnan
8390,Anjali,Khanna
8391,Arjun,Deshpande
8392,Akash,Bose
8393,Rahul,Joshi
8394,Hitesh,Iyer
8395,Nalini,Rastogi
8396,Xavier,Trivedi
8397,Nilesh,Chavan
8398,Omkar,Yadav
8399,Anjali,Rajan
8400,Pavan,Venkat
8401,Esha,Jadhav
8402,Akash,Balaji
8403,Rohit,Madan
8404,Prakash,Deshpande
8405,Sachin,Kumar
8406,Kavya,Rastogi
8407,Jaya,Pandey
8408,Neha,Chopra
8409,Rakesh,Sinha
8410,Rahul,Chavan
8411,Rakesh,Mane
8412,Lakshmi,Saxena
8413,Rohit,Kapoor
8414,Esha,Singh
8415,Akash,Pandey
8416,Gayatri,Patil
8417,Sanjay,Pawar
8418,Esha,Ghosh
8419,Varun,Tiwari
8420,Mahesh,Shukla
8421,Xavier,Bhatt
8422,Pranav,Jain
8423,Anushka,Chandra
8424,Dinesh,Bajpai
8425,Dhruv,Desai
8426,Ravi,Naidu
8427,Vidya,Pawar
8428,Mala,Bhatt
8429,Elan,Srivastava
8430,Salim,Mukherjee
8431,Vanita,Singh
8432,Vidya,Swamy
8433,Radha,Hora
8434,Tanvi,Vohra
8435,Divya,Singh
8436,Umar,Bajpai
8437,Mala,Dwivedi
8438,Ananya,Yadav
8439,Akash,Kulkarni
8440,Nilesh,Nagpal
8441,Lakshmi,Dhawan
8442,Rakesh,Kadam
8443,Jagdish,Hora
8444,Girish,Mehta
8445,Deepa,Kadam
8446,Mahesh,Chatterjee
8447,Chetan,Dubey
8448,Aarti,Malhotra
8449,Deepak,Rajan
8450,Ramesh,Iyer
8451,Zara,Mukherjee
8452,Krishnan,Sharma
8453,Nandini,Bhatia
8454,Mala,Qureshi
8455,Pooja,Rajan
8456,Pradeep,Das
8457,Nalini,Kumar
8458,Naveen,Sharma
8459,Zara,Thakkar
8460,Dinesh,Shukla
8461,Deepa,Ghosh
8462,Neha,Hora
8463,Hemant,Goyal
8464,Sunita,Vohra
8465,Naveen,Khurana
8466,Manish,Garg
8467,Ravi,Mukherjee
8468,Varun,Iyer
8469,Bhavna,Madan
8470,Harish,Zutshi
8471,Usha,Goyal
8472,Qasim,Reddy
8473,Indira,Reddy
8474,Varun,Tandon
8475,Chitra,Chavan
8476,Arjun,Madan
8477,Rashid,Jain
8478,Akash,Rao
8479,Hitesh,Khanna
8480,Vimal,Malhotra
8481,Shweta,Dwivedi
8482,Tanvi,Parekh
8483,Radha,Gupta
8484,Deepa,Grover
8485,Pranav,Dixit
8486,Anand,Joshi
8487,Indira,Mane
8488,Gayatri,Kumar
8489,Sunita,Chavan
8490,Arjun,Pahwa
8491,Hema,Rastogi
8492,Prakash,Dubey
8493,Ramesh,Oberoi
8494,Arjun,Jindal
8495,Meera,Reddy
8496,Rohit,Kapoor
8497,Aarti,Chandra
8498,Wasim,Vohra
8499,Bhavna,Thakkar
8500,Rahul,Anand
8501,Rashid,Sen
8502,Rohit,Deshpande
8503,Prashant,Kapoor
8504,Aarav,Goyal
8505,Farhan,Patil
8506,Riya,Qureshi
8507,Deepak,Tiwari
8508,Vidya,Natarajan
8509,Nikhil,Menon
8510,Sushma,Qureshi
8511,Chetan,Oberoi
8512,Rahul,Rajan
8513,Nandini,Tandon
8514,Salim,Mittal
8515,Sunita,Rajan
8516,Dhruv,Rastogi
8517,Riya,Anand
8518,Riya,Pandey
8519,Hitesh,Goyal
8520,Nikhil,Swamy
8521,Neha,Pawar
8522,Vidya,Balaji
8523,Deepak,Shah
8524,Bhavna,Anand
8525,Akash,Madan
8526,Gayatri,Sethi
8527,Prashant,Parikh
8528,Xavier,Kulkarni
8529,Yash,Zutshi
8530,Rahul,Subramaniam
8531,Nilesh,Sethi
8532,Shweta,Iyer
8533,Qasim,Jindal
8534,Sanjay,Thakkar
8535,Vikram,Yadav
8536,Kavya,Kadam
8537,Meera,Kumar
8538,Prakash,Kadam
8539,Salim,Mishra
8540,Kiran,Bajpai
8541,Sanjay,Dalal
8542,Suresh,Singh
8543,Yash,Khurana
8544,Devraj,Sharma
8545,Vinita,Menon
8546,Mohan,Kadam
8547,Falak,Krishnan
8548,Aryan,Iyer
8549,Arjun,Sinha
8550,Kamala,Juneja
8551,Nalini,Chatterjee
8552,Qasim,Grover
8553,Zara,Menon
8554,Yash,Krishnan
8555,Sushma,Malhotra
8556,Ramesh,Khurana
8557,Rakesh,Dwivedi
8558,Farhan,Balaji
8559,Kamala,Issar
8560,Arjun,Srivastava
8561,Isha,Murthy
8562,Vidya,Walia
8563,Aarti,Deshpande
8564,Dinesh,Pahwa
8565,Mohan,Upadhyay
8566,Isha,Dixit
8567,Prakash,Jadhav
8568,Manish,Walia
8569,Mahesh,Sharma
8570,Jaya,Khanna
8571,Hema,Pahwa
8572,Ananya,Juneja
8573,Aryan,Desai
8574,Kavya,Dubey
8575,Xavier,Kapoor
8576,Divya,Vohra
8577,Santosh,Dixit
8578,Ravi,Chavan
8579,Mohan,Khanna
8580,Usha,Nair
8581,Anand,Patel
8582,Vidya,Dalal
8583,Ananya,Chatterjee
8584,Aditya,Chatterjee
8585,Santosh,Natarajan
8586,Lata,Goyal
8587,Jagdish,Pillai
8588,Gaurav,Shukla
8589,Sanjay,Mane
8590,Xavier,Iyer
8591,Ravi,Khurana
8592,Radha,Roy
8593,Shweta,Tiwari
8594,Akash,Jindal
8595,Rajesh,Madan
8596,Sanjay,Verma
8597,Vimal,Parikh
8598,Mohan,Jain
8599,Yash,Sinha
8600,Prakash,Patel
8601,Abhi,Ghosh
8602,Dhruv,Singh
8603,Shivam,Jindal
8604,Kiran,Pahwa
8605,Sanjay,Banerjee
8606,Deepa,Thakkar
8607,Hitesh,Pandey
8608,Anushka,Saxena
8609,Nikhil,Ghosh
8610,Lata,Venkat
8611,Sushma,Sharma
8612,Tariq,Sen
8613,Aisha,Qureshi
8614,Sanjay,Jadhav
8615,Bhavna,Thakkar
8616,Naveen,Pillai
8617,Pooja,Dalal
8618,Rakesh,Iyer
8619,Ananya,Oberoi
8620,Isha,Dalal
8621,Harish,Swamy
8622,Salim,Subramaniam
8623,Disha,Gupta
8624,Aisha,Saxena
8625,Aisha,Mehta
8626,Chitra,Nambiar
8627,Vikram,Jadhav
8628,Vidya,Vohra
8629,Jagdish,Venkat
8630,Akash,Banerjee
8631,Kamala,Bahl
8632,Chitra,Malhotra
8633,Yash,Juneja
8634,Anushka,Reddy
8635,Lakshmi,Mane
8636,Dinesh,Madan
8637,Hemant,Nambiar
8638,Anjali,Das
8639,Santosh,Chavan
8640,Gopal,Bhatt
8641,Deepa,Krishnan
8642,Usha,Ghosh
8643,Hitesh,Walia
8644,Anjali,Rao
8645,Naveen,Tiwari
8646,Meera,Srinivasan
8647,Indira,Anand
8648,Sunita,Kulkarni
8649,Priya,Kapoor
8650,Nikhil,Iyer
8651,Kiran,Dixit
8652,Zara,Saxena
8653,Neha,Trivedi
8654,Pranav,Singh
8655,Tariq,Shinde
8656,Aisha,Sinha
8657,Deepa,Pahwa
8658,Usha,Pawar
8659,Omkar,Nagpal
8660,Aarav,Srivastava
8661,Riya,Desai
8662,Gopal,Dixit
8663,Pranav,Banerjee
8664,Zara,Saxena
8665,Neha,Sharma
8666,Anjali,Ghosh
8667,Salim,Saxena
8668,Aarav,Iyer
8669,Indira,Joshi
8670,Kamala,Shah
8671,Pradeep,Tripathi
8672,Rashid,Venkat
8673,Jagdish,Desai
8674,Mohan,Hora
8675,Indira,Pahwa
8676,Deepa,Subramaniam
8677,Vanita,Sethi
8678,Anushka,Zutshi
8679,Devraj,Kumar
8680,Arjun,Nambiar
8681,Kamala,Nambiar
8682,Kamala,Mehta
8683,Vimal,Venkat
8684,Riya,Upadhyay
8685,Mala,Grover
8686,Jagdish,Balaji
8687,Rahul,Iyer
8688,Mala,Saxena
8689,Nandini,Rajan
8690,Vimal,Verma
8691,Sunita,Vohra
8692,Rakesh,Balaji
8693,Farhan,Parikh
8694,Mala,Dubey
8695,Priya,Chavan
8696,Ananya,Yadav
8697,Rashid,Walia
8698,Bharat,Subramaniam
8699,Geeta,Mukherjee
8700,Hitesh,Natarajan
8701,Vanita,Sinha
8702,Harish,Banerjee
8703,Nilesh,Kulkarni
8704,Farhan,Bajpai
8705,Anand,Agarwal
8706,Sanjay,Shukla
8707,Harish,Agarwal
8708,Riya,Singh
8709,Krishnan,Das
8710,Mala,Bahl
8711,Riya,Sharma
8712,Deepa,Kumar
8713,Jaya,Das
8714,Amit,Qureshi
8715,Anand,Tripathi
8716,Divya,Rajan
8717,Sushma,Parikh
8718,Sanjay,Venkat
8719,Bhavna,Murthy
8720,Anushka,Banerjee
8721,Divya,Pillai
8722,Anand,Kadam
8723,Geeta,Kulkarni
8724,Nandini,Jain
8725,Vinita,Rajan
8726,Abhi,Nagpal
8727,Qasim,Chavan
8728,Falak,Rao
8729,Vidya,Thakkar
8730,Kamala,Srivastava
8731,Jagdish,Hora
8732,Aarti,Gupta
8733,Harish,Garg
8734,Girish,Rajan
8735,Kavya,Dalal
8736,Usha,Subramaniam
8737,Salim,Mehta
8738,Ramesh,Rastogi
8739,Bhavna,Bose
8740,Varun,Malhotra
8741,Pradeep,Pawar
8742,Aarti,Mittal
8743,Anushka,Nambiar
8744,Nandini,Pillai
8745,Girish,Ghosh
8746,Kamala,Desai
8747,Priya,Vohra
8748,Kamala,Nair
8749,Jagdish,Nagpal
8750,Indira,Sethi
8751,Tariq,Shinde
8752,Gopal,Naidu
8753,Rajesh,Mittal
8754,Rashid,Thakkar
8755,Aarti,Joshi
8756,Hema,Krishnan
8757,Bhavna,Anand
8758,Sanjay,Balaji
8759,Farhan,Singh
8760,Akash,Pawar
8761,Pradeep,Nambiar
8762,Sushma,Saxena
8763,Mala,Anand
8764,Aisha,Parekh
8765,Santosh,Naidu
8766,Salim,Tiwari
8767,Gopal,Gupta
8768,Tariq,Menon
8769,Pranav,Bose
8770,Kavya,Krishnan
8771,Ramesh,Menon
8772,Zara,Naidu
8773,Mahesh,Grover
8774,Shivam,Tandon
8775,Sachin,Hora
8776,Abhi,Singh
8777,Ravi,Swamy
8778,Tanvi,Pawar
8779,Santosh,Rajan
8780,Yash,Mittal
8781,Neha,Ghosh
8782,Girish,Das
8783,Lakshmi,Gupta
8784,Meera,Kulkarni
8785,Akash,Walia
8786,Amit,Chavan
8787,Tanvi,Bajpai
8788,Rashid,Kadam
8789,Nandini,Kumar
8790,Devraj,Trivedi
8791,Umar,Chadha
8792,Lata,Menon
8793,Aarav,Dixit
8794,Akash,Srinivasan
8795,Vimal,Saxena
8796,Hemant,Nambiar
8797,Hema,Qureshi
8798,Prashant,Patel
8799,Santosh,Das
8800,Mahesh,Dixit
8801,Riya,Banerjee
8802,Xavier,Kumar
8803,Farhan,Rao
8804,Kamala,Srinivasan
8805,Aarti,Vohra
8806,Esha,Lamba
8807,Aryan,Walia
8808,Aditya,Desai
8809,Rahul,Parekh
8810,Nikhil,Verma
8811,Kavya,Das
8812,Tanvi,Juneja
8813,Manish,Bhosale
8814,Radha,Venkat
8815,Farhan,Qureshi
8816,Yash,Parikh
8817,Anjali,Bhatia
8818,Anushka,Das
8819,Bharat,Chandra
8820,Anjali,Roy
8821,Kamala,Dwivedi
8822,Ravi,Mukherjee
8823,Neha,Chatterjee
8824,Elan,Garg
8825,Amit,Mane
8826,Meera,Bhatia
8827,Lata,Bhatia
8828,Radha,Ghosh
8829,Meera,Iyer
8830,Riya,Dubey
8831,Salim,Chatterjee
8832,Ravi,Bhosale
8833,Anjali,Sinha
8834,Nilesh,Mittal
8835,Rohit,Dixit
8836,Shivam,Bhatia
8837,Kavya,Garg
8838,Yash,Pawar
8839,Qasim,Nambiar
8840,Omkar,Oberoi
8841,Arjun,Gupta
8842,Amit,Bose
8843,Nikhil,Rao
8844,Salim,Bose
8845,Akash,Sen
8846,Shweta,Upadhyay
8847,Farhan,Kumar
8848,Esha,Menon
8849,Farhan,Nagpal
8850,Usha,Tiwari
8851,Devraj,Chadha
8852,Elan,Pawar
8853,Kavya,Dixit
8854,Shweta,Reddy
8855,Rakesh,Kapoor
8856,Yash,Dhawan
8857,Bhavna,Srivastava
8858,Usha,Jindal
8859,Omkar,Chadha
8860,Deepa,Bajpai
8861,Priya,Oberoi
8862,Tariq,Malhotra
8863,Rahul,Qureshi
8864,Harish,Jadhav
8865,Farhan,Das
8866,Vimal,Tandon
8867,Suresh,Mukherjee
8868,Girish,Rao
8869,Nandini,Shah
8870,Bharat,Tripathi
8871,Prakash,Madan
8872,Anjali,Dhawan
8873,Rashid,Kadam
8874,Hemant,Pillai
8875,Lata,Shah
8876,Pooja,Srinivasan
8877,Anand,Upadhyay
8878,Dinesh,Tandon
8879,Mahesh,Anand
8880,Mohan,Shukla
8881,Rajesh,Swamy
8882,Rahul,Garg
8883,Isha,Dubey
8884,Gopal,Saxena
8885,Anjali,Bhatia
8886,Dhruv,Joshi
8887,Suresh,Pillai
8888,Bhavna,Bhatia
8889,Ananya,Nagpal
8890,Disha,Verma
8891,Mala,Ghosh
8892,Vanita,Dalal
8893,Rohit,Subramaniam
8894,Aarav,Dalal
8895,Sanjay,Joshi
8896,Amit,Reddy
8897,Vanita,Zutshi
8898,Vidya,Joshi
8899,Tanvi,Parekh
8900,Priya,Desai
8901,Farhan,Jadhav
8902,Shivam,Kumar
8903,Tanvi,Hora
8904,Suresh,Saxena
8905,Tanvi,Chopra
8906,Aarti,Shinde
8907,Elan,Khanna
8908,Deepak,Nagpal
8909,Neha,Juneja
8910,Amit,Jadhav
8911,Prashant,Saxena
8912,Rakesh,Chowdhury
8913,Gayatri,Dalal
8914,Anushka,Rao
8915,Sunita,Pahwa
8916,Prashant,Gupta
8917,Deepak,Malhotra
8918,Gopal,Anand
8919,Shweta,Chavan
8920,Arjun,Lamba
8921,Akash,Bajpai
8922,Arjun,Rastogi
8923,Arjun,Dalal
8924,Kiran,Pawar
8925,Chitra,Jindal
8926,Naveen,Nair
8927,Bhavna,Mittal
8928,Bhavna,Chowdhury
8929,Esha,Srivastava
8930,Pooja,Shukla
8931,Chetan,Shah
8932,Sneha,Upadhyay
8933,Akash,Reddy
8934,Nandini,Mukherjee
8935,Pavan,Bajpai
8936,Mohan,Chowdhury
8937,Sachin,Trivedi
8938,Xavier,Natarajan
8939,Prashant,Kumar
8940,Vanita,Mukherjee
8941,Anjali,Sen
8942,Anand,Shah
8943,Esha,Dixit
8944,Gaurav,Upadhyay
8945,Mohan,Bhatt
8946,Gopal,Thakkar
8947,Mahesh,Parikh
8948,Chetan,Chatterjee
8949,Sanjay,Bhosale
8950,Aisha,Chavan
8951,Esha,Bhosale
8952,Aryan,Nagpal
8953,Girish,Mittal
8954,Umar,Sethi
8955,Jagdish,Subramaniam
8956,Gopal,Dwivedi
8957,Kiran,Grover
8958,Anjali,Srivastava
8959,Pavan,Menon
8960,Santosh,Tandon
8961,Kamala,Dhawan
8962,Rakesh,Chowdhury
8963,Varun,Shukla
8964,Gaurav,Singh
8965,Vidya,Verma
8966,Rohit,Agarwal
8967,Lakshmi,Sharma
8968,Kiran,Shinde
8969,Disha,Vohra
8970,Manish,Mehta
8971,Prashant,Upadhyay
8972,Omkar,Sethi
8973,Dhruv,Krishnan
8974,Geeta,Malhotra
8975,Sanjay,Pillai
8976,Girish,Srivastava
8977,Pranav,Desai
8978,Akash,Chandra
8979,Dhruv,Desai
8980,Elan,Nagpal
8981,Sachin,Nagpal
8982,Hitesh,Singh
8983,Hitesh,Roy
8984,Krishnan,Verma
8985,Arjun,Chadha
8986,Esha,Tiwari
8987,Aarti,Pahwa
8988,Radha,Hora
8989,Akash,Jadhav
8990,Hemant,Zutshi
8991,Disha,Hora
8992,Rahul,Rastogi
8993,Esha,Patel
8994,Chitra,Yadav
8995,Bhavna,Patil
8996,Rahul,Kulkarni
8997,Tariq,Anand
8998,Aditya,Srinivasan
8999,Akash,Agarwal
9000,Sneha,Khanna
9001,Suresh,Mukherjee
9002,Aarav,Swamy
9003,Ananya,Menon
9004,Amit,Jain
9005,Nandini,Parekh
9006,Anushka,Zutshi
9007,Elan,Goyal
9008,Naveen,Gupta
9009,Tariq,Chatterjee
9010,Anushka,Shah
9011,Qasim,Goyal
9012,Sachin,Goyal
9013,Ramesh,Mukherjee
9014,Chetan,Rastogi
9015,Neha,Gupta
9016,Rakesh,Dalal
9017,Jagdish,Deshpande
9018,Rakesh,Khanna
9019,Deepak,Pawar
9020,Vanita,Rajan
9021,Tariq,Pawar
9022,Ananya,Sen
9023,Bharat,Pawar
9024,Indira,Zutshi
9025,Shivam,Venkat
9026,Falak,Srinivasan
9027,Chetan,Hora
9028,Hemant,Natarajan
9029,Salim,Yadav
9030,Gopal,Issar
9031,Varun,Chavan
9032,Yash,Bahl
9033,Pradeep,Yadav
9034,Sneha,Saxena
9035,Suresh,Nambiar
9036,Jagdish,Agarwal
9037,Kiran,Kadam
9038,Gopal,Qureshi
9039,Aditya,Thakkar
9040,Sunita,Desai
9041,Kavya,Sethi
9042,Tariq,Dubey
9043,Wasim,Goyal
9044,Nalini,Malhotra
9045,Mohan,Iyer
9046,Varun,Dhawan
9047,Rashid,Banerjee
9048,Rahul,Chopra
9049,Anand,Mehta
9050,Akash,Kulkarni
9051,Disha,Dixit
9052,Arjun,Trivedi
9053,Varun,Jain
9054,Vanita,Madan
9055,Rahul,Kumar
9056,Dhruv,Pillai
9057,Pooja,Trivedi
9058,Isha,Chavan
9059,Gopal,Deshpande
9060,Omkar,Trivedi
9061,Vinita,Kadam
9062,Pradeep,Chopra
9063,Lata,Khurana
9064,Suresh,Walia
9065,Arjun,Pillai
9066,Rohit,Bahl
9067,Rashid,Kapoor
9068,Nalini,Tandon
9069,Mahesh,Hora
9070,Bhavna,Vohra
9071,Chetan,Goyal
9072,Disha,Chavan
9073,Kamala,Bhatt
9074,Shweta,Bhatt
9075,Ananya,Issar
9076,Santosh,Hora
9077,Elan,Agarwal
9078,Indira,Menon
9079,Aarav,Swamy
9080,Sneha,Krishnan
9081,Elan,Jindal
9082,Rahul,Shukla
9083,Tanvi,Dixit
9084,Dhruv,Das
9085,Bhavna,Juneja
9086,Aisha,Jain
9087,Pradeep,Parekh
9088,Rajesh,Shah
9089,Sachin,Chowdhury
9090,Mahesh,Modi
9091,Sachin,Chowdhury
9092,Nilesh,Jain
9093,Kiran,Subramaniam
9094,Akash,Singh
9095,Tanvi,Sinha
9096,Aarti,Verma
9097,Qasim,Sharma
9098,Aryan,Chatterjee
9099,Mohan,Garg
9100,Santosh,Madan
9101,Aryan,Tripathi
9102,Lakshmi,Deshpande
9103,Akash,Vohra
9104,Anushka,Joshi
9105,Wasim,Kulkarni
9106,Wasim,Kulkarni
9107,Hemant,Murthy
9108,Sunita,Juneja
9109,Gaurav,Balaji
9110,Zara,Pahwa
9111,Anushka,Pillai
9112,Rahul,Sinha
9113,Riya,Chavan
9114,Ananya,Malhotra
9115,Nalini,Iyer
9116,Shweta,Sen
9117,Girish,Oberoi
9118,Chetan,Kapoor
9119,Vikram,Bhatt
9120,Jagdish,Chavan
9121,Nalini,Gupta
9122,Deepak,Shah
9123,Vikram,Trivedi
9124,Meera,Sen
9125,Lata,Mukherjee
9126,Ramesh,Rastogi
9127,Sanjay,Chatterjee
9128,Isha,Tandon
9129,Usha,Tripathi
9130,Deepa,Bahl
9131,Mala,Kumar
9132,Lata,Kulkarni
9133,Geeta,Desai
9134,Disha,Parikh
9135,Sachin,Parekh
9136,Vikram,Kapoor
9137,Omkar,Subramaniam
9138,Dhruv,Chowdhury
9139,Anjali,Mehta
9140,Kamala,Balaji
9141,Jagdish,Rao
9142,Shivam,Parekh
9143,Tariq,Dalal
9144,Mahesh,Mehta
9145,Pooja,Juneja
9146,Shweta,Parikh
9147,Anjali,Chavan
9148,Qasim,Srivastava
9149,Qasim,Khanna
9150,Falak,Dwivedi
9151,Bharat,Joshi
9152,Ananya,Modi
9153,Nalini,Naidu
9154,Rajesh,Modi
9155,Radha,Naidu
9156,Shweta,Jain
9157,Bharat,Bajpai
9158,Abhi,Hora
9159,Zara,Mittal
9160,Hema,Subramaniam
9161,Ramesh,Mane
9162,Indira,Walia
9163,Ramesh,Gupta
9164,Rakesh,Vohra
9165,Vanita,Tiwari
9166,Mohan,Parikh
9167,Suresh,Jain
9168,Naveen,Srinivasan
9169,Aarti,Shinde
9170,Omkar,Gupta
9171,Elan,Roy
9172,Tariq,Venkat
9173,Harish,Modi
9174,Pradeep,Modi
9175,Pooja,Natarajan
9176,Shivam,Chowdhury
9177,Bharat,Reddy
9178,Amit,Kapoor
9179,Aditya,Kumar
9180,Rajesh,Subramaniam
9181,Varun,Mukherjee
9182,Ravi,Agarwal
9183,Dhruv,Tandon
9184,Aisha,Ghosh
9185,Bharat,Bhosale
9186,Disha,Trivedi
9187,Kavya,Tiwari
9188,Varun,Srivastava
9189,Lakshmi,Iyer
9190,Vikram,Jadhav
9191,Pradeep,Srinivasan
9192,Esha,Dixit
9193,Vimal,Dalal
9194,Nilesh,Chowdhury
9195,Neha,Issar
9196,Zara,Zutshi
9197,Manish,Trivedi
9198,Krishnan,Menon
9199,Deepak,Zutshi
9200,Anjali,Modi
9201,Dinesh,Parekh
9202,Ananya,Jain
9203,Deepa,Goyal
9204,Lata,Dalal
9205,Prashant,Mishra
9206,Bhavna,Khurana
9207,Divya,Qureshi
9208,Mala,Grover
9209,Vanita,Chowdhury
9210,Sunita,Dubey
9211,Jaya,Tiwari
9212,Deepa,Deshpande
9213,Radha,Murthy
9214,Nandini,Rao
9215,Chitra,Jindal
9216,Sachin,Bose
9217,Sanjay,Singh
9218,Bhavna,Iyer
9219,Sunita,Modi
9220,Kiran,Chadha
9221,Arjun,Walia
9222,Lakshmi,Saxena
9223,Anjali,Khurana
9224,Indira,Chandra
9225,Suresh,Bose
9226,Lata,Walia
9227,Jaya,Mehta
9228,Omkar,Naidu
9229,Akash,Srivastava
9230,Sanjay,Kapoor
9231,Anand,Mane
9232,Vimal,Dwivedi
9233,Riya,Rastogi
9234,Pavan,Parekh
9235,Gopal,Madan
9236,Kavya,Juneja
9237,Wasim,Anand
9238,Jaya,Pandey
9239,Bhavna,Jindal
9240,Xavier,Naidu
9241,Mohan,Goyal
9242,Aarti,Chavan
9243,Rohit,Reddy
9244,Wasim,Chadha
9245,Sushma,Khurana
9246,Gopal,Murthy
9247,Gaurav,Patil
9248,Arjun,Pandey
9249,Lakshmi,Shinde
9250,Aryan,Chowdhury
9251,Zara,Pillai
9252,Umar,Banerjee
9253,Dinesh,Grover
9254,Disha,Parekh
9255,Aryan,Roy
9256,Dhruv,Reddy
9257,Jagdish,Sen
9258,Rahul,Verma
9259,Hema,Kulkarni
9260,Mahesh,Anand
9261,Falak,Swamy
9262,Indira,Kadam
9263,Prakash,Trivedi
9264,Disha,Khanna
9265,Abhi,Srinivasan
9266,Sanjay,Oberoi
9267,Sneha,Joshi
9268,Disha,Mukherjee
9269,Nilesh,Rastogi
9270,Hema,Bhatia
9271,Nilesh,Ghosh
9272,Anushka,Upadhyay
9273,Hemant,Bajpai
9274,Chitra,Shinde
9275,Ramesh,Pawar
9276,Vidya,Pandey
9277,Pranav,Swamy
9278,Sunita,Parekh
9279,Tariq,Naidu
9280,Manish,Bose
9281,Devraj,Dwivedi
9282,Farhan,Tiwari
9283,Falak,Shukla
9284,Rahul,Tiwari
9285,Geeta,Chatterjee
9286,Sneha,Saxena
9287,Rakesh,Dubey
9288,Deepak,Vohra
9289,Lakshmi,Tandon
9290,Aarav,Yadav
9291,Dhruv,Mane
9292,Santosh,Jain
9293,Pradeep,Nair
9294,Aisha,Pahwa
9295,Jagdish,Srinivasan
9296,Santosh,Upadhyay
9297,Anand,Modi
9298,Usha,Oberoi
9299,Santosh,Nambiar
9300,Aryan,Pillai
9301,Prakash,Venkat
9302,Meera,Vohra
9303,Sunita,Naidu
9304,Aarav,Dixit
9305,Nilesh,Srivastava
9306,Gaurav,Jadhav
9307,Isha,Subramaniam
9308,Nilesh,Walia
9309,Xavier,Parekh
9310,Deepak,Goyal
9311,Chetan,Parekh
9312,Riya,Agarwal
9313,Aarav,Srinivasan
9314,Divya,Modi
9315,Hema,Parikh
9316,Pavan,Walia
9317,Tanvi,Garg
9318,Bhavna,Mane
9319,Yash,Deshpande
9320,Salim,Sinha
9321,Nandini,Qureshi
9322,Salim,Qureshi
9323,Aarti,Roy
9324,Dhruv,Dalal
9325,Krishnan,Menon
9326,Krishnan,Dalal
9327,Chetan,Natarajan
9328,Deepak,Lamba
9329,Esha,Lamba
9330,Salim,Tripathi
9331,Vidya,Kapoor
9332,Dinesh,Venkat
9333,Umar,Singh
9334,Varun,Tripathi
9335,Aarti,Dhawan
9336,Ravi,Thakkar
9337,Santosh,Bajpai
9338,Akash,Grover
9339,Prakash,Venkat
9340,Chitra,Shah
9341,Hemant,Madan
9342,Lakshmi,Joshi
9343,Nalini,Dixit
9344,Sunita,Juneja
9345,Jagdish,Hora
9346,Esha,Rastogi
9347,Nilesh,Shah
9348,Amit,Zutshi
9349,Vikram,Desai
9350,Shweta,Murthy
9351,Tariq,Rajan
9352,Gaurav,Banerjee
9353,Aryan,Garg
9354,Elan,Thakkar
9355,Sunita,Yadav
9356,Pavan,Dwivedi
9357,Nikhil,Pandey
9358,Manish,Parekh
9359,Nilesh,Desai
9360,Ravi,Goyal
9361,Anand,Tiwari
9362,Qasim,Upadhyay
9363,Bharat,Menon
9364,Lata,Patel
9365,Deepak,Swamy
9366,Shweta,Bose
9367,Nikhil,Das
9368,Umar,Srivastava
9369,Esha,Dalal
9370,Geeta,Chadha
9371,Bhavna,Zutshi
9372,Harish,Bajpai
9373,Neha,Rastogi
9374,Naveen,Sinha
9375,Chetan,Chatterjee
9376,Naveen,Parikh
9377,Hemant,Mehta
9378,Omkar,Naidu
9379,Kavya,Tandon
9380,Pavan,Dalal
9381,Wasim,Mehta
9382,Vinita,Kulkarni
9383,Kiran,Subramaniam
9384,Neha,Vohra
9385,Kamala,Dhawan
9386,Deepa,Dalal
9387,Aisha,Krishnan
9388,Pavan,Balaji
9389,Sneha,Dixit
9390,Rashid,Mehta
9391,Aarti,Parekh
9392,Vinita,Bajpai
9393,Meera,Qureshi
9394,Sachin,Dixit
9395,Ravi,Pawar
9396,Sachin,Jadhav
9397,Rashid,Dubey
9398,Hemant,Nagpal
9399,Omkar,Shah
9400,Salim,Dixit
9401,Geeta,Parikh
9402,Vikram,Ghosh
9403,Aditya,Mukherjee
9404,Indira,Zutshi
9405,Usha,Singh
9406,Indira,Nair
9407,Vanita,Lamba
9408,Zara,Bhatt
9409,Wasim,Saxena
9410,Chetan,Agarwal
9411,Pooja,Krishnan
9412,Zara,Chadha
9413,Kavya,Mehta
9414,Hemant,Anand
9415,Deepak,Bhatia
9416,Abhi,Nagpal
9417,Dinesh,Shah
9418,Omkar,Tandon
9419,Vidya,Lamba
9420,Sushma,Pawar
9421,Priya,Kulkarni
9422,Gopal,Pandey
9423,Xavier,Zutshi
9424,Jagdish,Khurana
9425,Suresh,Rao
9426,Riya,Ghosh
9427,Sanjay,Chatterjee
9428,Aryan,Srivastava
9429,Salim,Chandra
9430,Krishnan,Grover
9431,Aisha,Nambiar
9432,Gopal,Rajan
9433,Sneha,Gupta
9434,Rakesh,Subramaniam
9435,Santosh,Swamy
9436,Harish,Bahl
9437,Riya,Sen
9438,Radha,Rao
9439,Radha,Balaji
9440,Meera,Qureshi
9441,Girish,Bhatia
9442,Falak,Pawar
9443,Nilesh,Balaji
9444,Vanita,Srivastava
9445,Elan,Murthy
9446,Sanjay,Qureshi
9447,Zara,Chowdhury
9448,Sushma,Bahl
9449,Divya,Nagpal
9450,Anjali,Khurana
9451,Geeta,Shah
9452,Ravi,Mukherjee
9453,Mala,Singh
9454,Nikhil,Tandon
9455,Kavya,Naidu
9456,Pooja,Sinha
9457,Zara,Bajpai
9458,Vimal,Bhatia
9459,Deepak,Nagpal
9460,Rakesh,Balaji
9461,Aditya,Mehta
9462,Pavan,Issar
9463,Pradeep,Zutshi
9464,Tanvi,Khurana
9465,Geeta,Oberoi
9466,Deepa,Roy
9467,Isha,Chadha
9468,Sachin,Pahwa
9469,Varun,Madan
9470,Esha,Chandra
9471,Mala,Bajpai
9472,Radha,Singh
9473,Vimal,Jadhav
9474,Salim,Ghosh
9475,Anand,Roy
9476,Elan,Swamy
9477,Esha,Chavan
9478,Ramesh,Yadav
9479,Suresh,Iyer
9480,Farhan,Anand
9481,Anjali,Swamy
9482,Ramesh,Bhatt
9483,Dhruv,Naidu
9484,Gaurav,Walia
9485,Arjun,Patil
9486,Prashant,Pandey
9487,Omkar,Bhosale
9488,Kavya,Swamy
9489,Aarav,Krishnan
9490,Abhi,Desai
9491,Bharat,Pahwa
9492,Aditya,Saxena
9493,Abhi,Desai
9494,Lakshmi,Singh
9495,Akash,Mukherjee
9496,Ramesh,Trivedi
9497,Amit,Sen
9498,Suresh,Murthy
9499,Vikram,Anand
9500,Sneha,Sethi
9501,Tanvi,Tripathi
9502,Sachin,Dalal
9503,Rohit,Patel
9504,Anushka,Verma
9505,Rashid,Mittal
9506,Anjali,Menon
9507,Gaurav,Khanna
9508,Santosh,Mukherjee
9509,Santosh,Khurana
9510,Sneha,Murthy
9511,Kamala,Reddy
9512,Amit,Garg
9513,Salim,Kadam
9514,Geeta,Walia
9515,Mahesh,Shukla
9516,Jagdish,Thakkar
9517,Aisha,Mane
9518,Krishnan,Zutshi
9519,Suresh,Kapoor
9520,Mahesh,Agarwal
9521,Aarav,Dhawan
9522,Tanvi,Trivedi
9523,Gayatri,Rao
9524,Falak,Kulkarni
9525,Shivam,Gupta
9526,Gaurav,Chavan
9527,Gopal,Sethi
9528,Akash,Gupta
9529,Salim,Tiwari
9530,Vikram,Kumar
9531,Rashid,Mehta
9532,Aditya,Parekh
9533,Sushma,Tiwari
9534,Mohan,Subramaniam
9535,Rahul,Parikh
9536,Ravi,Malhotra
9537,Jagdish,Dubey
9538,Gayatri,Chandra
9539,Elan,Rastogi
9540,Amit,Natarajan
9541,Anjali,Vohra
9542,Aryan,Modi
9543,Esha,Madan
9544,Salim,Chadha
9545,Ravi,Pahwa
9546,Rakesh,Kumar
9547,Sushma,Rao
9548,Naveen,Patel
9549,Vimal,Parikh
9550,Tariq,Kulkarni
9551,Jagdish,Garg
9552,Lakshmi,Ghosh
9553,Vidya,Trivedi
9554,Nikhil,Mane
9555,Kavya,Subramaniam
9556,Lata,Shah
9557,Aisha,Nair
9558,Lakshmi,Saxena
9559,Indira,Chavan
9560,Divya,Zutshi
9561,Aisha,Murthy
9562,Nalini,Venkat
9563,Amit,Srinivasan
9564,Aditya,Yadav
9565,Aarav,Yadav
9566,Vanita,Bose
9567,Aisha,Naidu
9568,Usha,Singh
9569,Suresh,Kumar
9570,Aryan,Chopra
9571,Esha,Zutshi
9572,Nandini,Mane
9573,Usha,Nair
9574,Wasim,Dwivedi
9575,Geeta,Shah
9576,Manish,Parekh
9577,Indira,Deshpande
9578,Santosh,Banerjee
9579,Girish,Jadhav
9580,Nikhil,Kumar
9581,Tanvi,Shukla
9582,Nandini,Trivedi
9583,Rajesh,Chadha
9584,Hemant,Sethi
9585,Usha,Upadhyay
9586,Pradeep,Mishra
9587,Lata,Jain
9588,Arjun,Dixit
9589,Radha,Chavan
9590,Gopal,Desai
9591,Manish,Khurana
9592,Falak,Goyal
9593,Aarti,Tiwari
9594,Vanita,Anand
9595,Meera,Chadha
9596,Vinita,Chandra
9597,Kamala,Deshpande
9598,Lakshmi,Khurana
9599,Usha,Lamba
9600,Gopal,Juneja
9601,Anushka,Goyal
9602,Bhavna,Shinde
9603,Rohit,Kapoor
9604,Lata,Khanna
9605,Nikhil,Srinivasan
9606,Lata,Bhatia
9607,Rashid,Subramaniam
9608,Varun,Naidu
9609,Tariq,Dalal
9610,Dhruv,Sharma
9611,Mohan,Tiwari
9612,Gopal,Khurana
9613,Qasim,Chadha
9614,Tanvi,Gupta
9615,Aditya,Bahl
9616,Lakshmi,Zutshi
9617,Aryan,Tiwari
9618,Yash,Hora
9619,Anushka,Kumar
9620,Anand,Chopra
9621,Vinita,Nagpal
9622,Devraj,Natarajan
9623,Qasim,Bhosale
9624,Aarav,Kulkarni
9625,Rahul,Natarajan
9626,Aryan,Swamy
9627,Mohan,Kadam
9628,Anand,Swamy
9629,Arjun,Dubey
9630,Lakshmi,Bahl
9631,Geeta,Rao
9632,Krishnan,Anand
9633,Devraj,Banerjee
9634,Bharat,Pandey
9635,Tanvi,Srivastava
9636,Falak,Pillai
9637,Dinesh,Nambiar
9638,Mohan,Thakkar
9639,Pradeep,Dalal
9640,Ramesh,Goyal
9641,Krishnan,Vohra
9642,Dinesh,Madan
9643,Hitesh,Shah
9644,Disha,Sinha
9645,Vikram,Modi
9646,Krishnan,Deshpande
9647,Prashant,Dalal
9648,Harish,Yadav
9649,Divya,Desai
9650,Nalini,Bhatt
9651,Shweta,Das
9652,Aditya,Walia
9653,Akash,Venkat
9654,Aisha,Reddy
9655,Wasim,Chowdhury
9656,Usha,Krishnan
9657,Pavan,Singh
9658,Devraj,Chatterjee
9659,Prakash,Tiwari
9660,Indira,Naidu
9661,Divya,Naidu
9662,Anjali,Roy
9663,Pranav,Bhosale
9664,Rashid,Chatterjee
9665,Bhavna,Singh
9666,Indira,Bhatt
9667,Salim,Yadav
9668,Manish,Murthy
9669,Aarav,Iyer
9670,Rahul,Dalal
9671,Kiran,Das
9672,Qasim,Thakkar
9673,Umar,Kapoor
9674,Chetan,Jadhav
9675,Jagdish,Subramaniam
9676,Kavya,Hora
9677,Salim,Mittal
9678,Jaya,Parekh
9679,Vinita,Anand
9680,Deepak,Chavan
9681,Indira,Chatterjee
9682,Rohit,Hora
9683,Hema,Menon
9684,Riya,Parekh
9685,Vinita,Kadam
9686,Pooja,Tandon
9687,Deepak,Shukla
9688,Arjun,Tripathi
9689,Dhruv,Kulkarni
9690,Ananya,Roy
9691,Anushka,Banerjee
9692,Kavya,Banerjee
9693,Omkar,Srinivasan
9694,Ramesh,Rao
9695,Pradeep,Jadhav
9696,Devraj,Oberoi
9697,Kavya,Walia
9698,Aarti,Mukherjee
9699,Krishnan,Desai
9700,Anand,Thakkar
9701,Anjali,Sharma
9702,Krishnan,Kapoor
9703,Nandini,Oberoi
9704,Krishnan,Goyal
9705,Hemant,Desai
9706,Nandini,Malhotra
9707,Wasim,Kapoor
9708,Nalini,Anand
9709,Prashant,Chadha
9710,Jagdish,Rastogi
9711,Lakshmi,Chadha
9712,Mohan,Dubey
9713,Sachin,Mishra
9714,Nikhil,Nair
9715,Shivam,Upadhyay
9716,Sushma,Gupta
9717,Aarav,Sinha
9718,Pranav,Walia
9719,Bharat,Kadam
9720,Sneha,Kumar
9721,Anand,Pandey
9722,Vanita,Natarajan
9723,Ananya,Reddy
9724,Anushka,Roy
9725,Pooja,Tripathi
9726,Vidya,Khurana
9727,Vimal,Srinivasan
9728,Vidya,Garg
9729,Bharat,Desai
9730,Sachin,Menon
9731,Geeta,Saxena
9732,Xavier,Tiwari
9733,Dinesh,Bhatt
9734,Indira,Sharma
9735,Dinesh,Parikh
9736,Deepak,Thakkar
9737,Anand,Rajan
9738,Shweta,Parekh
9739,Priya,Kapoor
9740,Ananya,Jindal
9741,Radha,Joshi
9742,Sushma,Kapoor
9743,Naveen,Kadam
9744,Vikram,Bose
9745,Nilesh,Mishra
9746,Sneha,Pahwa
9747,Isha,Chavan
9748,Vimal,Tiwari
9749,Shivam,Balaji
9750,Disha,Dixit
9751,Radha,Sinha
9752,Gaurav,Srinivasan
9753,Kavya,Rastogi
9754,Chitra,Sharma
9755,Akash,Roy
9756,Qasim,Issar
9757,Sunita,Thakkar
9758,Aarav,Trivedi
9759,Santosh,Sinha
9760,Lata,Reddy
9761,Vidya,Chandra
9762,Vinita,Verma
9763,Shivam,Srivastava
9764,Abhi,Jain
9765,Devraj,Vohra
9766,Ramesh,Walia
9767,Vanita,Khurana
9768,Santosh,Walia
9769,Omkar,Jindal
9770,Rajesh,Shukla
9771,Manish,Banerjee
9772,Girish,Patel
9773,Sushma,Shah
9774,Riya,Parekh
9775,Mohan,Mane
9776,Mohan,Mukherjee
9777,Shweta,Shukla
9778,Pradeep,Sen
9779,Pranav,Murthy
9780,Nalini,Mane
9781,Wasim,Goyal
9782,Elan,Naidu
9783,Radha,Swamy
9784,Vanita,Desai
9785,Lata,Rastogi
9786,Falak,Srinivasan
9787,Dinesh,Dubey
9788,Prashant,Mukherjee
9789,Jagdish,Sethi
9790,Sushma,Modi
9791,Esha,Khanna
9792,Omkar,Ghosh
9793,Pradeep,Bhatia
9794,Aryan,Thakkar
9795,Tanvi,Balaji
9796,Chitra,Agarwal
9797,Sneha,Rao
9798,Aisha,Tandon
9799,Sachin,Chavan
9800,Indira,Mane
9801,Shivam,Naidu
9802,Nalini,Bhosale
9803,Vikram,Jindal
9804,Esha,Mane
9805,Akash,Yadav
9806,Nikhil,Agarwal
9807,Kiran,Bose
9808,Usha,Bajpai
9809,Omkar,Natarajan
9810,Salim,Mittal
9811,Sachin,Pahwa
9812,Pooja,Chowdhury
9813,Lakshmi,Tandon
9814,Ananya,Saxena
9815,Omkar,Malhotra
9816,Isha,Reddy
9817,Gopal,Jindal
9818,Kiran,Natarajan
9819,Girish,Kadam
9820,Sunita,Balaji
9821,Isha,Jindal
9822,Tanvi,Sethi
9823,Jagdish,Pahwa
9824,Qasim,Yadav
9825,Chetan,Garg
9826,Wasim,Dhawan
9827,Umar,Sinha
9828,Yash,Kadam
9829,Omkar,Sharma
9830,Aarti,Bahl
9831,Falak,Das
9832,Rashid,Kadam
9833,Divya,Singh
9834,Chetan,Mane
9835,Aisha,Hora
9836,Rahul,Oberoi
9837,Isha,Chadha
9838,Aditya,Shah
9839,Omkar,Bhatt
9840,Aarav,Menon
9841,Krishnan,Tiwari
9842,Deepa,Natarajan
9843,Vinita,Srivastava
9844,Santosh,Balaji
9845,Isha,Mehta
9846,Radha,Pandey
9847,Anjali,Srivastava
9848,Umar,Nair
9849,Jagdish,Dubey
9850,Shivam,Garg
9851,Aditya,Dalal
9852,Ramesh,Anand
9853,Ravi,Zutshi
9854,Vidya,Hora
9855,Vikram,Srivastava
9856,Aryan,Goyal
9857,Xavier,Sharma
9858,Xavier,Srinivasan
9859,Sanjay,Tiwari
9860,Girish,Shah
9861,Jagdish,Chatterjee
9862,Sneha,Reddy
9863,Deepa,Tandon
9864,Mala,Chavan
9865,Dhruv,Bhatia
9866,Omkar,Trivedi
9867,Zara,Jindal
9868,Krishnan,Pillai
9869,Vanita,Vohra
9870,Nalini,Bose
9871,Chitra,Thakkar
9872,Usha,Garg
9873,Riya,Balaji
9874,Aditya,Bose
9875,Disha,Pillai
9876,Shivam,Bahl
9877,Sanjay,Bose
9878,Pooja,Murthy
9879,Kavya,Yadav
9880,Priya,Bose
9881,Falak,Thakkar
9882,Geeta,Kumar
9883,Tanvi,Chopra
9884,Mala,Ghosh
9885,Chitra,Nambiar
9886,Sanjay,Sharma
9887,Ramesh,Desai
9888,Mahesh,Dwivedi
9889,Varun,Saxena
9890,Usha,Venkat
9891,Hemant,Srivastava
9892,Akash,Srinivasan
9893,Aisha,Tandon
9894,Mahesh,Rao
9895,Mala,Pahwa
9896,Varun,Kapoor
9897,Indira,Iyer
9898,Shivam,Bajpai
9899,Aarav,Mehta
9900,Vinita,Shinde
9901,Rashid,Sinha
9902,Hema,Shah
9903,Deepak,Lamba
9904,Nikhil,Bose
9905,Disha,Chopra
9906,Sanjay,Natarajan
9907,Abhi,Iyer
9908,Bhavna,Bhatt
9909,Arjun,Oberoi
9910,Jagdish,Shinde
9911,Nikhil,Bajpai
9912,Farhan,Kadam
9913,Wasim,Chadha
9914,Meera,Deshpande
9915,Bhavna,Grover
9916,Devraj,Reddy
9917,Farhan,Chadha
9918,Anand,Issar
9919,Bharat,Shah
9920,Aditya,Ghosh
9921,Anjali,Bhatia
9922,Gayatri,Tripathi
9923,Jagdish,Verma
9924,Vikram,Hora
9925,Vanita,Das
9926,Ravi,Bhosale
9927,Radha,Bhatt
9928,Aarti,Chandra
9929,Sunita,Ghosh
9930,Arjun,Dhawan
9931,Ravi,Srivastava
9932,Vidya,Oberoi
9933,Aryan,Bhatia
9934,Arjun,Modi
9935,Aryan,Oberoi
9936,Neha,Nambiar
9937,Disha,Jindal
9938,Girish,Srivastava
9939,Mala,Sinha
9940,Rashid,Khanna
9941,Aarti,Naidu
9942,Amit,Singh
9943,Sunita,Murthy
9944,Vikram,Mane
9945,Hema,Shinde
9946,Manish,Kulkarni
9947,Rajesh,Deshpande
9948,Dhruv,Parikh
9949,Aarav,Verma
9950,Mahesh,Thakkar
9951,Bharat,Desai
9952,Radha,Jain
9953,Yash,Madan
9954,Mala,Swamy
9955,Anand,Parikh
9956,Anjali,Grover
9957,Dinesh,Mishra
9958,Pooja,Tandon
9959,Anand,Chandra
9960,Indira,Sinha
9961,Gayatri,Hora
9962,Kavya,Bhatt
9963,Manish,Iyer
9964,Naveen,Bhatt
9965,Girish,Lamba
9966,Shivam,Bahl
9967,Sneha,Srinivasan
9968,Aarav,Srinivasan
9969,Vanita,Parikh
9970,Chitra,Modi
9971,Pranav,Chandra
9972,Wasim,Tandon
9973,Tariq,Mishra
9974,Lakshmi,Patel
9975,Devraj,Shah
9976,Aditya,Grover
9977,Naveen,Sharma
9978,Anushka,Natarajan
9979,Gaurav,Anand
9980,Naveen,Tripathi
9981,Manish,Kumar
9982,Farhan,Chavan
9983,Ravi,Bahl
9984,Qasim,Murthy
9985,Anand,Joshi
9986,Anjali,Murthy
9987,Varun,Bahl
9988,Deepa,Sinha
9989,Pradeep,Dubey
9990,Anjali,Mukherjee
9991,Kiran,Bhosale
9992,Girish,Chatterjee
9993,Anand,Rao
9994,Chetan,Roy
9995,Rahul,Chatterjee
9996,Vimal,Modi
9997,Prakash,Natarajan
9998,Jagdish,Rao
9999,Krishnan,Mishra
10000,Bharat,Modi
